word,context,definition,part_of_speech
"critics","A number of critics had many kinds of interpretations for Angel Clare’s tragedy in Tess of The D’urbervilles","评论家（复数）",""
"had","A number of critics had many kinds of interpretations for Angel Clare’s tragedy in Tess of The D’urbervilles","有（过去式）",""
"kinds","A number of critics had many kinds of interpretations for Angel Clare’s tragedy in Tess of The D’urbervilles","种类（复数）",""
"interpretations","A number of critics had many kinds of interpretations for Angel Clare’s tragedy in Tess of The D’urbervilles","解读（复数）",""
"angel","A number of critics had many kinds of interpretations for Angel Clare’s tragedy in Tess of The D’urbervilles","安吉尔（人名）",""
"clare’s","A number of critics had many kinds of interpretations for Angel Clare’s tragedy in Tess of The D’urbervilles","克莱尔的",""
"d’urbervilles","A number of critics had many kinds of interpretations for Angel Clare’s tragedy in Tess of The D’urbervilles","德伯维尔（家族名）",""
"analyzed","They analyzed his complicated character from different perspectives","分析了（句子中为过去式，表示对过去行为的描述）",""
"complicated","They analyzed his complicated character from different perspectives","复杂的（修饰character，描述性格的复杂程度）",""
"character","They analyzed his complicated character from different perspectives","性格（指人的性格特征）",""
"perspectives","They analyzed his complicated character from different perspectives","视角（复数，指不同的观察角度）",""
"will","This paper will explain his tragedy as the following aspects","将（表示将来时态）",""
"explain","This paper will explain his tragedy as the following aspects","解释（对某事进行说明）",""
"following","This paper will explain his tragedy as the following aspects","以下的（修饰名词，表示顺序）",""
"a","A person’s way of seeing things plays an important role all his life","不定冠词，表“一个”，此处用于泛指“一个人的”",""
"person’s","A person’s way of seeing things plays an important role all his life","名词所有格，意为“……的”，此处指“一个人的”",""
"seeing","A person’s way of seeing things plays an important role all his life","动名词，意为“看待”，在句中表示“看待事物的方式”",""
"things","A person’s way of seeing things plays an important role all his life","名词，意为“事物”，在句中表示“看待的对象”",""
"plays","A person’s way of seeing things plays an important role all his life","动词play的第三人称单数形式，意为“发挥”，在句中表示“发挥作用”",""
"role","A person’s way of seeing things plays an important role all his life","名词，意为“作用”，在句中表示“发挥重要作用”",""
"hardy","Hardy naming his hero “Angel” might have his own intent","哈代（英国作家托马斯·哈代）",""
"naming","Hardy naming his hero “Angel” might have his own intent","命名（此处指哈代给主人公命名的行为）",""
"hero","Hardy naming his hero “Angel” might have his own intent","主人公（哈代作品中的主角）",""
"angel","Hardy naming his hero “Angel” might have his own intent","天使（哈代作品中主角的名字）",""
"might","Hardy naming his hero “Angel” might have his own intent","可能（表示哈代有此命名意图的可能性）",""
"own","Hardy naming his hero “Angel” might have his own intent","自己的（哈代个人的）",""
"intent","Hardy naming his hero “Angel” might have his own intent","意图（哈代命名主人公时的目的）",""
"pure","We know that Angel should be pure; however, from the development of the plot, we can not see “pure” from Angel Clare","纯洁的（此处指安琪尔应有的特质）",""
"the","We know that Angel should be pure; however, from the development of the plot, we can not see “pure” from Angel Clare","这个（定冠词，特指情节的发展）",""
"development","We know that Angel should be pure; however, from the development of the plot, we can not see “pure” from Angel Clare","发展（此处指情节发展）",""
"the","We know that Angel should be pure; however, from the development of the plot, we can not see “pure” from Angel Clare","这个（定冠词，特指情节）",""
"plot","We know that Angel should be pure; however, from the development of the plot, we can not see “pure” from Angel Clare","情节（此处指小说情节）",""
"pure","We know that Angel should be pure; however, from the development of the plot, we can not see “pure” from Angel Clare","纯洁（此处指安琪尔·克莱身上的特质）",""
"clare","We know that Angel should be pure; however, from the development of the plot, we can not see “pure” from Angel Clare","克莱（人名中的姓氏部分）",""
"angel","Angel Clare was born in a rich pastoral family, but he was unwilling to obey his father and brothers.","安琪（人名，‘安琪·克莱’的名）",""
"clare","Angel Clare was born in a rich pastoral family, but he was unwilling to obey his father and brothers.","克莱（人名，‘安琪·克莱’的姓氏部分）",""
"was","Angel Clare was born in a rich pastoral family, but he was unwilling to obey his father and brothers.","（助动词，与‘born’结合构成被动结构，表示‘出生’，此处‘was born’表示‘出生于’）",""
"a","Angel Clare was born in a rich pastoral family, but he was unwilling to obey his father and brothers.","（不定冠词，用于可数名词单数前，此处修饰‘family’，表示‘一个家庭’）",""
"pastoral","Angel Clare was born in a rich pastoral family, but he was unwilling to obey his father and brothers.","（形容词，‘田园牧歌式的’，描述‘family’具有田园风格的特质）",""
"was","Angel Clare was born in a rich pastoral family, but he was unwilling to obey his father and brothers.","（助动词，与‘unwilling’结合表示‘处于不愿意的状态’，此处‘was unwilling’表示‘是不愿意的’）",""
"unwilling","Angel Clare was born in a rich pastoral family, but he was unwilling to obey his father and brothers.","（形容词，‘不愿意的’，描述‘he’的状态，‘unwilling to obey’表示‘不愿服从’）",""
"obey","Angel Clare was born in a rich pastoral family, but he was unwilling to obey his father and brothers.","（动词，‘服从’，‘obey his father’表示‘服从他的父亲’）",""
"brothers","Angel Clare was born in a rich pastoral family, but he was unwilling to obey his father and brothers.","（名词复数，‘兄弟们’，‘his father and brothers’表示‘他的父亲和兄弟们’）",""
"angel","Angel Clare was born in a rich pastoral family, but he was unwilling to obey his father and brothers","安吉尔（人名）",""
"clare","Angel Clare was born in a rich pastoral family, but he was unwilling to obey his father and brothers","克莱尔（姓氏）",""
"he","He did not abide by the old custom and etiquette, and gave a damn for the superior of material things such as wealth and position","他（人称代词主格，指代句子中的男性主语）",""
"did","He did not abide by the old custom and etiquette, and gave a damn for the superior of material things such as wealth and position","（助动词，用于构成否定句/疑问句，此处表过去发生的动作）",""
"abide","He did not abide by the old custom and etiquette, and gave a damn for the superior of material things such as wealth and position","（动词，与by搭配，意为“遵守”）",""
"custom","He did not abide by the old custom and etiquette, and gave a damn for the superior of material things such as wealth and position","（名词，指“习俗”）",""
"etiquette","He did not abide by the old custom and etiquette, and gave a damn for the superior of material things such as wealth and position","（名词，指“礼仪”）",""
"gave","He did not abide by the old custom and etiquette, and gave a damn for the superior of material things such as wealth and position","（give的过去式，与a damn连用表示“毫不在意”）",""
"damn","He did not abide by the old custom and etiquette, and gave a damn for the superior of material things such as wealth and position","（口语中，与give a damn搭配，表示“（毫）不在意”）",""
"superior","He did not abide by the old custom and etiquette, and gave a damn for the superior of material things such as wealth and position","（名词，指“优越地位/优越感”）",""
"material","He did not abide by the old custom and etiquette, and gave a damn for the superior of material things such as wealth and position","（形容词，指“物质的”）",""
"wealth","He did not abide by the old custom and etiquette, and gave a damn for the superior of material things such as wealth and position","（名词，指“财富”）",""
"position","He did not abide by the old custom and etiquette, and gave a damn for the superior of material things such as wealth and position","（名词，指“地位”）",""
"he","He was born and bred the religion","他；它",""
"bred","He was born and bred the religion","在宗教中被养育（结合“born and bred”短语指在宗教环境中长大）",""
"religion","He was born and bred the religion","宗教（此处指他从小所处的宗教环境或信仰体系）",""
"but","But he thought that he could not honestly be ordained a minister as his brothers were.","但是（用于句首表示转折）",""
"thought","But he thought that he could not honestly be ordained a minister as his brothers were.","认为（在句中表示过去的想法）",""
"honestly","But he thought that he could not honestly be ordained a minister as his brothers were.","诚实地（修饰动词be ordained，表示以诚实的态度）",""
"ordained","But he thought that he could not honestly be ordained a minister as his brothers were.","被任命（为神职人员，此处指被任命为牧师）",""
"minister","But he thought that he could not honestly be ordained a minister as his brothers were.","牧师（神职人员）",""
"were","But he thought that he could not honestly be ordained a minister as his brothers were.","是（be动词的过去式复数，此处指“兄弟们那样（被任命）”的状态）",""
"literature","Literature has come very close to daily life, reflecting its practical problems and interests and is used as a powerful instrument of human progress","文学（在句中作主语，指文学领域或文学作品）",""
"has","Literature has come very close to daily life, reflecting its practical problems and interests and is used as a powerful instrument of human progress","已经（助动词，构成现在完成时，表示动作已发生）",""
"daily","Literature has come very close to daily life, reflecting its practical problems and interests and is used as a powerful instrument of human progress","日常的（形容词，修饰名词life）",""
"reflecting","Literature has come very close to daily life, reflecting its practical problems and interests and is used as a powerful instrument of human progress","反映（现在分词作伴随状语，表示文学的动作）",""
"practical","Literature has come very close to daily life, reflecting its practical problems and interests and is used as a powerful instrument of human progress","实际的（形容词，修饰problems表示“实际的问题”）",""
"problems","Literature has come very close to daily life, reflecting its practical problems and interests and is used as a powerful instrument of human progress","问题（复数名词，指生活中的实际问题）",""
"interests","Literature has come very close to daily life, reflecting its practical problems and interests and is used as a powerful instrument of human progress","兴趣（复数名词，指人们在生活中的兴趣点）",""
"used","Literature has come very close to daily life, reflecting its practical problems and interests and is used as a powerful instrument of human progress","被使用（过去分词，构成被动语态is used）",""
"powerful","Literature has come very close to daily life, reflecting its practical problems and interests and is used as a powerful instrument of human progress","强大的（形容词，修饰instrument表示工具的强大性）",""
"instrument","Literature has come very close to daily life, reflecting its practical problems and interests and is used as a powerful instrument of human progress","工具（名词，指推动人类进步的工具）",""
"human","Literature has come very close to daily life, reflecting its practical problems and interests and is used as a powerful instrument of human progress","人类的（形容词，修饰progress表示“人类的进步”）",""
"progress","Literature has come very close to daily life, reflecting its practical problems and interests and is used as a powerful instrument of human progress","进步（名词，指人类发展的进步过程）",""
"literature","Literature originates from life and then reforms life","文学；文献",""
"originates","Literature originates from life and then reforms life","起源于（句中意为‘源于’）",""
"reforms","Literature originates from life and then reforms life","改造（句中意为‘改造’）",""
"they","They can make you subconsciously and deeply believe that all the things they described really happened","他们（指代描述事情的群体）",""
"subconsciously","They can make you subconsciously and deeply believe that all the things they described really happened","潜意识地",""
"deeply","They can make you subconsciously and deeply believe that all the things they described really happened","深深地",""
"described","They can make you subconsciously and deeply believe that all the things they described really happened","描述的",""
"happened","They can make you subconsciously and deeply believe that all the things they described really happened","发生",""
"after","After you finish reading, the characters that it depicted will appear vividly in front of you","在……之后（介词，引导时间状语从句）",""
"reading","After you finish reading, the characters that it depicted will appear vividly in front of you","阅读（动名词，指阅读这一动作）",""
"characters","After you finish reading, the characters that it depicted will appear vividly in front of you","人物（character的复数形式，指被描述的角色）",""
"depicted","After you finish reading, the characters that it depicted will appear vividly in front of you","描绘（动词过去式，指过去发生的动作）",""
"vividly","After you finish reading, the characters that it depicted will appear vividly in front of you","栩栩如生地（副词，修饰动词appear）",""
"they","They are true to life—— you can see their faces and feel their sound, pace and thoughts","它们（指代前文提到的作品或人物）",""
"are","They are true to life—— you can see their faces and feel their sound, pace and thoughts","是（be动词的复数现在时形式）",""
"true","They are true to life—— you can see their faces and feel their sound, pace and thoughts","真实的，逼真的（此处用于“true to life”短语，意为“真实反映生活”）",""
"faces","They are true to life—— you can see their faces and feel their sound, pace and thoughts","面容，脸庞（their faces 指他们的面容）",""
"sound","They are true to life—— you can see their faces and feel their sound, pace and thoughts","声音（their sound 指他们的声音）",""
"pace","They are true to life—— you can see their faces and feel their sound, pace and thoughts","步伐，节奏（their pace 指他们的步伐或节奏）",""
"thoughts","They are true to life—— you can see their faces and feel their sound, pace and thoughts","思想，想法（their thoughts 指他们的思想）",""
"with","With the excellent literary works, we can feel the history vividly","有；由于；借助",""
"excellent","With the excellent literary works, we can feel the history vividly","优秀的（在句中修饰“works”，表示优秀的文学作品）",""
"vividly","With the excellent literary works, we can feel the history vividly","生动地（在句中修饰“feel”，表示生动地感受历史）",""
"as","As an important part of literature, tragedy has showed its artistic attraction","作为；如同",""
"has","As an important part of literature, tragedy has showed its artistic attraction","已经（辅助构成现在完成时）",""
"showed","As an important part of literature, tragedy has showed its artistic attraction","展现（show的过去分词，此处表示已经展现）",""
"artistic","As an important part of literature, tragedy has showed its artistic attraction","艺术的（修饰attraction）",""
"attraction","As an important part of literature, tragedy has showed its artistic attraction","吸引力（artistic attraction艺术吸引力）",""
"the","The reason why a great number of readers tend to be affected by the plots of tragedies is that some of them had the same or similar experience with the characters in the novels.","这；那；定冠词",""
"readers","The reason why a great number of readers tend to be affected by the plots of tragedies is that some of them had the same or similar experience with the characters in the novels.","读者们",""
"tend","The reason why a great number of readers tend to be affected by the plots of tragedies is that some of them had the same or similar experience with the characters in the novels.","倾向于",""
"affected","The reason why a great number of readers tend to be affected by the plots of tragedies is that some of them had the same or similar experience with the characters in the novels.","受影响的",""
"plots","The reason why a great number of readers tend to be affected by the plots of tragedies is that some of them had the same or similar experience with the characters in the novels.","情节（复数）",""
"tragedies","The reason why a great number of readers tend to be affected by the plots of tragedies is that some of them had the same or similar experience with the characters in the novels.","悲剧（复数）",""
"similar","The reason why a great number of readers tend to be affected by the plots of tragedies is that some of them had the same or similar experience with the characters in the novels.","相似的",""
"experience","The reason why a great number of readers tend to be affected by the plots of tragedies is that some of them had the same or similar experience with the characters in the novels.","经历",""
"characters","The reason why a great number of readers tend to be affected by the plots of tragedies is that some of them had the same or similar experience with the characters in the novels.","人物（复数）",""
"movement","The movement toward the neoliberal utopia of a pure and perfect market is made possible by the politics of financial deregulation","运动（此处指经济或政治层面的趋势/动向）",""
"toward","The movement toward the neoliberal utopia of a pure and perfect market is made possible by the politics of financial deregulation","朝向（表示方向）",""
"neoliberal","The movement toward the neoliberal utopia of a pure and perfect market is made possible by the politics of financial deregulation","新自由主义的（经济、政治理论术语）",""
"utopia","The movement toward the neoliberal utopia of a pure and perfect market is made possible by the politics of financial deregulation","乌托邦（理想中的完美社会状态）",""
"perfect","The movement toward the neoliberal utopia of a pure and perfect market is made possible by the politics of financial deregulation","完美的（此处修饰market，指无缺陷的市场）",""
"made","The movement toward the neoliberal utopia of a pure and perfect market is made possible by the politics of financial deregulation","使（成为）（被动语态中表示“被使”）",""
"possible","The movement toward the neoliberal utopia of a pure and perfect market is made possible by the politics of financial deregulation","可能的（表示成为可能的状态）",""
"politics","The movement toward the neoliberal utopia of a pure and perfect market is made possible by the politics of financial deregulation","政治（此处指政策或政治举措）",""
"financial","The movement toward the neoliberal utopia of a pure and perfect market is made possible by the politics of financial deregulation","金融的（修饰deregulation，指金融领域）",""
"deregulation","The movement toward the neoliberal utopia of a pure and perfect market is made possible by the politics of financial deregulation","放松管制（经济政策术语，指解除政府对行业的管控）",""
"and","And it is achieved through the transformative and, it must be said, destructive action of all of the political measures (of which the most recent is the Multilateral Agreement on Investment (MAI), designed to protect foreign corporations and their investments from national states) that aim to call into question any and all collective structures that could serve as an obstacle to the logic of the pure market: the nation, whose space to manoeuvre continually decreases; work groups, for example through the individualisation of salaries and of careers as a function of individual competences, with the consequent atomisation of workers; collectives for the defence of the rights of workers, unions, associations, cooperatives; even the family, which loses part of its control over consumption through the constitution of markets by age groups.","而且",""
"achieved","And it is achieved through the transformative and, it must be said, destructive action of all of the political measures (of which the most recent is the Multilateral Agreement on Investment (MAI), designed to protect foreign corporations and their investments from national states) that aim to call into question any and all collective structures that could serve as an obstacle to the logic of the pure market: the nation, whose space to manoeuvre continually decreases; work groups, for example through the individualisation of salaries and of careers as a function of individual competences, with the consequent atomisation of workers; collectives for the defence of the rights of workers, unions, associations, cooperatives; even the family, which loses part of its control over consumption through the constitution of markets by age groups.","实现",""
"transformative","And it is achieved through the transformative and, it must be said, destructive action of all of the political measures (of which the most recent is the Multilateral Agreement on Investment (MAI), designed to protect foreign corporations and their investments from national states) that aim to call into question any and all collective structures that could serve as an obstacle to the logic of the pure market: the nation, whose space to manoeuvre continually decreases; work groups, for example through the individualisation of salaries and of careers as a function of individual competences, with the consequent atomisation of workers; collectives for the defence of the rights of workers, unions, associations, cooperatives; even the family, which loses part of its control over consumption through the constitution of markets by age groups.","变革性的",""
"said","And it is achieved through the transformative and, it must be said, destructive action of all of the political measures (of which the most recent is the Multilateral Agreement on Investment (MAI), designed to protect foreign corporations and their investments from national states) that aim to call into question any and all collective structures that could serve as an obstacle to the logic of the pure market: the nation, whose space to manoeuvre continually decreases; work groups, for example through the individualisation of salaries and of careers as a function of individual competences, with the consequent atomisation of workers; collectives for the defence of the rights of workers, unions, associations, cooperatives; even the family, which loses part of its control over consumption through the constitution of markets by age groups.","说",""
"destructive","And it is achieved through the transformative and, it must be said, destructive action of all of the political measures (of which the most recent is the Multilateral Agreement on Investment (MAI), designed to protect foreign corporations and their investments from national states) that aim to call into question any and all collective structures that could serve as an obstacle to the logic of the pure market: the nation, whose space to manoeuvre continually decreases; work groups, for example through the individualisation of salaries and of careers as a function of individual competences, with the consequent atomisation of workers; collectives for the defence of the rights of workers, unions, associations, cooperatives; even the family, which loses part of its control over consumption through the constitution of markets by age groups.","破坏性的",""
"action","And it is achieved through the transformative and, it must be said, destructive action of all of the political measures (of which the most recent is the Multilateral Agreement on Investment (MAI), designed to protect foreign corporations and their investments from national states) that aim to call into question any and all collective structures that could serve as an obstacle to the logic of the pure market: the nation, whose space to manoeuvre continually decreases; work groups, for example through the individualisation of salaries and of careers as a function of individual competences, with the consequent atomisation of workers; collectives for the defence of the rights of workers, unions, associations, cooperatives; even the family, which loses part of its control over consumption through the constitution of markets by age groups.","行动",""
"political","And it is achieved through the transformative and, it must be said, destructive action of all of the political measures (of which the most recent is the Multilateral Agreement on Investment (MAI), designed to protect foreign corporations and their investments from national states) that aim to call into question any and all collective structures that could serve as an obstacle to the logic of the pure market: the nation, whose space to manoeuvre continually decreases; work groups, for example through the individualisation of salaries and of careers as a function of individual competences, with the consequent atomisation of workers; collectives for the defence of the rights of workers, unions, associations, cooperatives; even the family, which loses part of its control over consumption through the constitution of markets by age groups.","政治的",""
"measures","And it is achieved through the transformative and, it must be said, destructive action of all of the political measures (of which the most recent is the Multilateral Agreement on Investment (MAI), designed to protect foreign corporations and their investments from national states) that aim to call into question any and all collective structures that could serve as an obstacle to the logic of the pure market: the nation, whose space to manoeuvre continually decreases; work groups, for example through the individualisation of salaries and of careers as a function of individual competences, with the consequent atomisation of workers; collectives for the defence of the rights of workers, unions, associations, cooperatives; even the family, which loses part of its control over consumption through the constitution of markets by age groups.","措施",""
"recent","And it is achieved through the transformative and, it must be said, destructive action of all of the political measures (of which the most recent is the Multilateral Agreement on Investment (MAI), designed to protect foreign corporations and their investments from national states) that aim to call into question any and all collective structures that could serve as an obstacle to the logic of the pure market: the nation, whose space to manoeuvre continually decreases; work groups, for example through the individualisation of salaries and of careers as a function of individual competences, with the consequent atomisation of workers; collectives for the defence of the rights of workers, unions, associations, cooperatives; even the family, which loses part of its control over consumption through the constitution of markets by age groups.","最新的",""
"multilateral","And it is achieved through the transformative and, it must be said, destructive action of all of the political measures (of which the most recent is the Multilateral Agreement on Investment (MAI), designed to protect foreign corporations and their investments from national states) that aim to call into question any and all collective structures that could serve as an obstacle to the logic of the pure market: the nation, whose space to manoeuvre continually decreases; work groups, for example through the individualisation of salaries and of careers as a function of individual competences, with the consequent atomisation of workers; collectives for the defence of the rights of workers, unions, associations, cooperatives; even the family, which loses part of its control over consumption through the constitution of markets by age groups.","多边的",""
"agreement","And it is achieved through the transformative and, it must be said, destructive action of all of the political measures (of which the most recent is the Multilateral Agreement on Investment (MAI), designed to protect foreign corporations and their investments from national states) that aim to call into question any and all collective structures that could serve as an obstacle to the logic of the pure market: the nation, whose space to manoeuvre continually decreases; work groups, for example through the individualisation of salaries and of careers as a function of individual competences, with the consequent atomisation of workers; collectives for the defence of the rights of workers, unions, associations, cooperatives; even the family, which loses part of its control over consumption through the constitution of markets by age groups.","协定",""
"investment","And it is achieved through the transformative and, it must be said, destructive action of all of the political measures (of which the most recent is the Multilateral Agreement on Investment (MAI), designed to protect foreign corporations and their investments from national states) that aim to call into question any and all collective structures that could serve as an obstacle to the logic of the pure market: the nation, whose space to manoeuvre continually decreases; work groups, for example through the individualisation of salaries and of careers as a function of individual competences, with the consequent atomisation of workers; collectives for the defence of the rights of workers, unions, associations, cooperatives; even the family, which loses part of its control over consumption through the constitution of markets by age groups.","投资",""
"mai","And it is achieved through the transformative and, it must be said, destructive action of all of the political measures (of which the most recent is the Multilateral Agreement on Investment (MAI), designed to protect foreign corporations and their investments from national states) that aim to call into question any and all collective structures that could serve as an obstacle to the logic of the pure market: the nation, whose space to manoeuvre continually decreases; work groups, for example through the individualisation of salaries and of careers as a function of individual competences, with the consequent atomisation of workers; collectives for the defence of the rights of workers, unions, associations, cooperatives; even the family, which loses part of its control over consumption through the constitution of markets by age groups.","多边投资协定（Multilateral Agreement on Investment的缩写）",""
"designed","And it is achieved through the transformative and, it must be said, destructive action of all of the political measures (of which the most recent is the Multilateral Agreement on Investment (MAI), designed to protect foreign corporations and their investments from national states) that aim to call into question any and all collective structures that could serve as an obstacle to the logic of the pure market: the nation, whose space to manoeuvre continually decreases; work groups, for example through the individualisation of salaries and of careers as a function of individual competences, with the consequent atomisation of workers; collectives for the defence of the rights of workers, unions, associations, cooperatives; even the family, which loses part of its control over consumption through the constitution of markets by age groups.","设计（此处指“旨在”）",""
"protect","And it is achieved through the transformative and, it must be said, destructive action of all of the political measures (of which the most recent is the Multilateral Agreement on Investment (MAI), designed to protect foreign corporations and their investments from national states) that aim to call into question any and all collective structures that could serve as an obstacle to the logic of the pure market: the nation, whose space to manoeuvre continually decreases; work groups, for example through the individualisation of salaries and of careers as a function of individual competences, with the consequent atomisation of workers; collectives for the defence of the rights of workers, unions, associations, cooperatives; even the family, which loses part of its control over consumption through the constitution of markets by age groups.","保护",""
"corporations","And it is achieved through the transformative and, it must be said, destructive action of all of the political measures (of which the most recent is the Multilateral Agreement on Investment (MAI), designed to protect foreign corporations and their investments from national states) that aim to call into question any and all collective structures that could serve as an obstacle to the logic of the pure market: the nation, whose space to manoeuvre continually decreases; work groups, for example through the individualisation of salaries and of careers as a function of individual competences, with the consequent atomisation of workers; collectives for the defence of the rights of workers, unions, associations, cooperatives; even the family, which loses part of its control over consumption through the constitution of markets by age groups.","公司（复数）",""
"investments","And it is achieved through the transformative and, it must be said, destructive action of all of the political measures (of which the most recent is the Multilateral Agreement on Investment (MAI), designed to protect foreign corporations and their investments from national states) that aim to call into question any and all collective structures that could serve as an obstacle to the logic of the pure market: the nation, whose space to manoeuvre continually decreases; work groups, for example through the individualisation of salaries and of careers as a function of individual competences, with the consequent atomisation of workers; collectives for the defence of the rights of workers, unions, associations, cooperatives; even the family, which loses part of its control over consumption through the constitution of markets by age groups.","投资（复数）",""
"national","And it is achieved through the transformative and, it must be said, destructive action of all of the political measures (of which the most recent is the Multilateral Agreement on Investment (MAI), designed to protect foreign corporations and their investments from national states) that aim to call into question any and all collective structures that could serve as an obstacle to the logic of the pure market: the nation, whose space to manoeuvre continually decreases; work groups, for example through the individualisation of salaries and of careers as a function of individual competences, with the consequent atomisation of workers; collectives for the defence of the rights of workers, unions, associations, cooperatives; even the family, which loses part of its control over consumption through the constitution of markets by age groups.","国家的",""
"states","And it is achieved through the transformative and, it must be said, destructive action of all of the political measures (of which the most recent is the Multilateral Agreement on Investment (MAI), designed to protect foreign corporations and their investments from national states) that aim to call into question any and all collective structures that could serve as an obstacle to the logic of the pure market: the nation, whose space to manoeuvre continually decreases; work groups, for example through the individualisation of salaries and of careers as a function of individual competences, with the consequent atomisation of workers; collectives for the defence of the rights of workers, unions, associations, cooperatives; even the family, which loses part of its control over consumption through the constitution of markets by age groups.","国家（复数）",""
"aim","And it is achieved through the transformative and, it must be said, destructive action of all of the political measures (of which the most recent is the Multilateral Agreement on Investment (MAI), designed to protect foreign corporations and their investments from national states) that aim to call into question any and all collective structures that could serve as an obstacle to the logic of the pure market: the nation, whose space to manoeuvre continually decreases; work groups, for example through the individualisation of salaries and of careers as a function of individual competences, with the consequent atomisation of workers; collectives for the defence of the rights of workers, unions, associations, cooperatives; even the family, which loses part of its control over consumption through the constitution of markets by age groups.","旨在",""
"collective","And it is achieved through the transformative and, it must be said, destructive action of all of the political measures (of which the most recent is the Multilateral Agreement on Investment (MAI), designed to protect foreign corporations and their investments from national states) that aim to call into question any and all collective structures that could serve as an obstacle to the logic of the pure market: the nation, whose space to manoeuvre continually decreases; work groups, for example through the individualisation of salaries and of careers as a function of individual competences, with the consequent atomisation of workers; collectives for the defence of the rights of workers, unions, associations, cooperatives; even the family, which loses part of its control over consumption through the constitution of markets by age groups.","集体的",""
"structures","And it is achieved through the transformative and, it must be said, destructive action of all of the political measures (of which the most recent is the Multilateral Agreement on Investment (MAI), designed to protect foreign corporations and their investments from national states) that aim to call into question any and all collective structures that could serve as an obstacle to the logic of the pure market: the nation, whose space to manoeuvre continually decreases; work groups, for example through the individualisation of salaries and of careers as a function of individual competences, with the consequent atomisation of workers; collectives for the defence of the rights of workers, unions, associations, cooperatives; even the family, which loses part of its control over consumption through the constitution of markets by age groups.","结构（复数）",""
"serve","And it is achieved through the transformative and, it must be said, destructive action of all of the political measures (of which the most recent is the Multilateral Agreement on Investment (MAI), designed to protect foreign corporations and their investments from national states) that aim to call into question any and all collective structures that could serve as an obstacle to the logic of the pure market: the nation, whose space to manoeuvre continually decreases; work groups, for example through the individualisation of salaries and of careers as a function of individual competences, with the consequent atomisation of workers; collectives for the defence of the rights of workers, unions, associations, cooperatives; even the family, which loses part of its control over consumption through the constitution of markets by age groups.","作为",""
"as","And it is achieved through the transformative and, it must be said, destructive action of all of the political measures (of which the most recent is the Multilateral Agreement on Investment (MAI), designed to protect foreign corporations and their investments from national states) that aim to call into question any and all collective structures that could serve as an obstacle to the logic of the pure market: the nation, whose space to manoeuvre continually decreases; work groups, for example through the individualisation of salaries and of careers as a function of individual competences, with the consequent atomisation of workers; collectives for the defence of the rights of workers, unions, associations, cooperatives; even the family, which loses part of its control over consumption through the constitution of markets by age groups.","（介词，表作为）",""
"obstacle","And it is achieved through the transformative and, it must be said, destructive action of all of the political measures (of which the most recent is the Multilateral Agreement on Investment (MAI), designed to protect foreign corporations and their investments from national states) that aim to call into question any and all collective structures that could serve as an obstacle to the logic of the pure market: the nation, whose space to manoeuvre continually decreases; work groups, for example through the individualisation of salaries and of careers as a function of individual competences, with the consequent atomisation of workers; collectives for the defence of the rights of workers, unions, associations, cooperatives; even the family, which loses part of its control over consumption through the constitution of markets by age groups.","障碍",""
"logic","And it is achieved through the transformative and, it must be said, destructive action of all of the political measures (of which the most recent is the Multilateral Agreement on Investment (MAI), designed to protect foreign corporations and their investments from national states) that aim to call into question any and all collective structures that could serve as an obstacle to the logic of the pure market: the nation, whose space to manoeuvre continually decreases; work groups, for example through the individualisation of salaries and of careers as a function of individual competences, with the consequent atomisation of workers; collectives for the defence of the rights of workers, unions, associations, cooperatives; even the family, which loses part of its control over consumption through the constitution of markets by age groups.","逻辑",""
"nation","And it is achieved through the transformative and, it must be said, destructive action of all of the political measures (of which the most recent is the Multilateral Agreement on Investment (MAI), designed to protect foreign corporations and their investments from national states) that aim to call into question any and all collective structures that could serve as an obstacle to the logic of the pure market: the nation, whose space to manoeuvre continually decreases; work groups, for example through the individualisation of salaries and of careers as a function of individual competences, with the consequent atomisation of workers; collectives for the defence of the rights of workers, unions, associations, cooperatives; even the family, which loses part of its control over consumption through the constitution of markets by age groups.","国家",""
"space","And it is achieved through the transformative and, it must be said, destructive action of all of the political measures (of which the most recent is the Multilateral Agreement on Investment (MAI), designed to protect foreign corporations and their investments from national states) that aim to call into question any and all collective structures that could serve as an obstacle to the logic of the pure market: the nation, whose space to manoeuvre continually decreases; work groups, for example through the individualisation of salaries and of careers as a function of individual competences, with the consequent atomisation of workers; collectives for the defence of the rights of workers, unions, associations, cooperatives; even the family, which loses part of its control over consumption through the constitution of markets by age groups.","空间",""
"manoeuvre","And it is achieved through the transformative and, it must be said, destructive action of all of the political measures (of which the most recent is the Multilateral Agreement on Investment (MAI), designed to protect foreign corporations and their investments from national states) that aim to call into question any and all collective structures that could serve as an obstacle to the logic of the pure market: the nation, whose space to manoeuvre continually decreases; work groups, for example through the individualisation of salaries and of careers as a function of individual competences, with the consequent atomisation of workers; collectives for the defence of the rights of workers, unions, associations, cooperatives; even the family, which loses part of its control over consumption through the constitution of markets by age groups.","操作",""
"continually","And it is achieved through the transformative and, it must be said, destructive action of all of the political measures (of which the most recent is the Multilateral Agreement on Investment (MAI), designed to protect foreign corporations and their investments from national states) that aim to call into question any and all collective structures that could serve as an obstacle to the logic of the pure market: the nation, whose space to manoeuvre continually decreases; work groups, for example through the individualisation of salaries and of careers as a function of individual competences, with the consequent atomisation of workers; collectives for the defence of the rights of workers, unions, associations, cooperatives; even the family, which loses part of its control over consumption through the constitution of markets by age groups.","不断地",""
"decreases","And it is achieved through the transformative and, it must be said, destructive action of all of the political measures (of which the most recent is the Multilateral Agreement on Investment (MAI), designed to protect foreign corporations and their investments from national states) that aim to call into question any and all collective structures that could serve as an obstacle to the logic of the pure market: the nation, whose space to manoeuvre continually decreases; work groups, for example through the individualisation of salaries and of careers as a function of individual competences, with the consequent atomisation of workers; collectives for the defence of the rights of workers, unions, associations, cooperatives; even the family, which loses part of its control over consumption through the constitution of markets by age groups.","减少",""
"groups","And it is achieved through the transformative and, it must be said, destructive action of all of the political measures (of which the most recent is the Multilateral Agreement on Investment (MAI), designed to protect foreign corporations and their investments from national states) that aim to call into question any and all collective structures that could serve as an obstacle to the logic of the pure market: the nation, whose space to manoeuvre continually decreases; work groups, for example through the individualisation of salaries and of careers as a function of individual competences, with the consequent atomisation of workers; collectives for the defence of the rights of workers, unions, associations, cooperatives; even the family, which loses part of its control over consumption through the constitution of markets by age groups.","群体（复数）",""
"individualisation","And it is achieved through the transformative and, it must be said, destructive action of all of the political measures (of which the most recent is the Multilateral Agreement on Investment (MAI), designed to protect foreign corporations and their investments from national states) that aim to call into question any and all collective structures that could serve as an obstacle to the logic of the pure market: the nation, whose space to manoeuvre continually decreases; work groups, for example through the individualisation of salaries and of careers as a function of individual competences, with the consequent atomisation of workers; collectives for the defence of the rights of workers, unions, associations, cooperatives; even the family, which loses part of its control over consumption through the constitution of markets by age groups.","个体化",""
"salaries","And it is achieved through the transformative and, it must be said, destructive action of all of the political measures (of which the most recent is the Multilateral Agreement on Investment (MAI), designed to protect foreign corporations and their investments from national states) that aim to call into question any and all collective structures that could serve as an obstacle to the logic of the pure market: the nation, whose space to manoeuvre continually decreases; work groups, for example through the individualisation of salaries and of careers as a function of individual competences, with the consequent atomisation of workers; collectives for the defence of the rights of workers, unions, associations, cooperatives; even the family, which loses part of its control over consumption through the constitution of markets by age groups.","薪水（复数）",""
"careers","And it is achieved through the transformative and, it must be said, destructive action of all of the political measures (of which the most recent is the Multilateral Agreement on Investment (MAI), designed to protect foreign corporations and their investments from national states) that aim to call into question any and all collective structures that could serve as an obstacle to the logic of the pure market: the nation, whose space to manoeuvre continually decreases; work groups, for example through the individualisation of salaries and of careers as a function of individual competences, with the consequent atomisation of workers; collectives for the defence of the rights of workers, unions, associations, cooperatives; even the family, which loses part of its control over consumption through the constitution of markets by age groups.","职业（复数）",""
"as","And it is achieved through the transformative and, it must be said, destructive action of all of the political measures (of which the most recent is the Multilateral Agreement on Investment (MAI), designed to protect foreign corporations and their investments from national states) that aim to call into question any and all collective structures that could serve as an obstacle to the logic of the pure market: the nation, whose space to manoeuvre continually decreases; work groups, for example through the individualisation of salaries and of careers as a function of individual competences, with the consequent atomisation of workers; collectives for the defence of the rights of workers, unions, associations, cooperatives; even the family, which loses part of its control over consumption through the constitution of markets by age groups.","作为",""
"function","And it is achieved through the transformative and, it must be said, destructive action of all of the political measures (of which the most recent is the Multilateral Agreement on Investment (MAI), designed to protect foreign corporations and their investments from national states) that aim to call into question any and all collective structures that could serve as an obstacle to the logic of the pure market: the nation, whose space to manoeuvre continually decreases; work groups, for example through the individualisation of salaries and of careers as a function of individual competences, with the consequent atomisation of workers; collectives for the defence of the rights of workers, unions, associations, cooperatives; even the family, which loses part of its control over consumption through the constitution of markets by age groups.","功能",""
"individual","And it is achieved through the transformative and, it must be said, destructive action of all of the political measures (of which the most recent is the Multilateral Agreement on Investment (MAI), designed to protect foreign corporations and their investments from national states) that aim to call into question any and all collective structures that could serve as an obstacle to the logic of the pure market: the nation, whose space to manoeuvre continually decreases; work groups, for example through the individualisation of salaries and of careers as a function of individual competences, with the consequent atomisation of workers; collectives for the defence of the rights of workers, unions, associations, cooperatives; even the family, which loses part of its control over consumption through the constitution of markets by age groups.","个人的",""
"competences","And it is achieved through the transformative and, it must be said, destructive action of all of the political measures (of which the most recent is the Multilateral Agreement on Investment (MAI), designed to protect foreign corporations and their investments from national states) that aim to call into question any and all collective structures that could serve as an obstacle to the logic of the pure market: the nation, whose space to manoeuvre continually decreases; work groups, for example through the individualisation of salaries and of careers as a function of individual competences, with the consequent atomisation of workers; collectives for the defence of the rights of workers, unions, associations, cooperatives; even the family, which loses part of its control over consumption through the constitution of markets by age groups.","能力（复数）",""
"with","And it is achieved through the transformative and, it must be said, destructive action of all of the political measures (of which the most recent is the Multilateral Agreement on Investment (MAI), designed to protect foreign corporations and their investments from national states) that aim to call into question any and all collective structures that could serve as an obstacle to the logic of the pure market: the nation, whose space to manoeuvre continually decreases; work groups, for example through the individualisation of salaries and of careers as a function of individual competences, with the consequent atomisation of workers; collectives for the defence of the rights of workers, unions, associations, cooperatives; even the family, which loses part of its control over consumption through the constitution of markets by age groups.","伴随",""
"consequent","And it is achieved through the transformative and, it must be said, destructive action of all of the political measures (of which the most recent is the Multilateral Agreement on Investment (MAI), designed to protect foreign corporations and their investments from national states) that aim to call into question any and all collective structures that could serve as an obstacle to the logic of the pure market: the nation, whose space to manoeuvre continually decreases; work groups, for example through the individualisation of salaries and of careers as a function of individual competences, with the consequent atomisation of workers; collectives for the defence of the rights of workers, unions, associations, cooperatives; even the family, which loses part of its control over consumption through the constitution of markets by age groups.","随之发生的",""
"atomisation","And it is achieved through the transformative and, it must be said, destructive action of all of the political measures (of which the most recent is the Multilateral Agreement on Investment (MAI), designed to protect foreign corporations and their investments from national states) that aim to call into question any and all collective structures that could serve as an obstacle to the logic of the pure market: the nation, whose space to manoeuvre continually decreases; work groups, for example through the individualisation of salaries and of careers as a function of individual competences, with the consequent atomisation of workers; collectives for the defence of the rights of workers, unions, associations, cooperatives; even the family, which loses part of its control over consumption through the constitution of markets by age groups.","原子化",""
"workers","And it is achieved through the transformative and, it must be said, destructive action of all of the political measures (of which the most recent is the Multilateral Agreement on Investment (MAI), designed to protect foreign corporations and their investments from national states) that aim to call into question any and all collective structures that could serve as an obstacle to the logic of the pure market: the nation, whose space to manoeuvre continually decreases; work groups, for example through the individualisation of salaries and of careers as a function of individual competences, with the consequent atomisation of workers; collectives for the defence of the rights of workers, unions, associations, cooperatives; even the family, which loses part of its control over consumption through the constitution of markets by age groups.","工人（复数）",""
"collectives","And it is achieved through the transformative and, it must be said, destructive action of all of the political measures (of which the most recent is the Multilateral Agreement on Investment (MAI), designed to protect foreign corporations and their investments from national states) that aim to call into question any and all collective structures that could serve as an obstacle to the logic of the pure market: the nation, whose space to manoeuvre continually decreases; work groups, for example through the individualisation of salaries and of careers as a function of individual competences, with the consequent atomisation of workers; collectives for the defence of the rights of workers, unions, associations, cooperatives; even the family, which loses part of its control over consumption through the constitution of markets by age groups.","集体（复数）",""
"defence","And it is achieved through the transformative and, it must be said, destructive action of all of the political measures (of which the most recent is the Multilateral Agreement on Investment (MAI), designed to protect foreign corporations and their investments from national states) that aim to call into question any and all collective structures that could serve as an obstacle to the logic of the pure market: the nation, whose space to manoeuvre continually decreases; work groups, for example through the individualisation of salaries and of careers as a function of individual competences, with the consequent atomisation of workers; collectives for the defence of the rights of workers, unions, associations, cooperatives; even the family, which loses part of its control over consumption through the constitution of markets by age groups.","捍卫",""
"rights","And it is achieved through the transformative and, it must be said, destructive action of all of the political measures (of which the most recent is the Multilateral Agreement on Investment (MAI), designed to protect foreign corporations and their investments from national states) that aim to call into question any and all collective structures that could serve as an obstacle to the logic of the pure market: the nation, whose space to manoeuvre continually decreases; work groups, for example through the individualisation of salaries and of careers as a function of individual competences, with the consequent atomisation of workers; collectives for the defence of the rights of workers, unions, associations, cooperatives; even the family, which loses part of its control over consumption through the constitution of markets by age groups.","权利（复数）",""
"unions","And it is achieved through the transformative and, it must be said, destructive action of all of the political measures (of which the most recent is the Multilateral Agreement on Investment (MAI), designed to protect foreign corporations and their investments from national states) that aim to call into question any and all collective structures that could serve as an obstacle to the logic of the pure market: the nation, whose space to manoeuvre continually decreases; work groups, for example through the individualisation of salaries and of careers as a function of individual competences, with the consequent atomisation of workers; collectives for the defence of the rights of workers, unions, associations, cooperatives; even the family, which loses part of its control over consumption through the constitution of markets by age groups.","工会（复数）",""
"associations","And it is achieved through the transformative and, it must be said, destructive action of all of the political measures (of which the most recent is the Multilateral Agreement on Investment (MAI), designed to protect foreign corporations and their investments from national states) that aim to call into question any and all collective structures that could serve as an obstacle to the logic of the pure market: the nation, whose space to manoeuvre continually decreases; work groups, for example through the individualisation of salaries and of careers as a function of individual competences, with the consequent atomisation of workers; collectives for the defence of the rights of workers, unions, associations, cooperatives; even the family, which loses part of its control over consumption through the constitution of markets by age groups.","协会（复数）",""
"cooperatives","And it is achieved through the transformative and, it must be said, destructive action of all of the political measures (of which the most recent is the Multilateral Agreement on Investment (MAI), designed to protect foreign corporations and their investments from national states) that aim to call into question any and all collective structures that could serve as an obstacle to the logic of the pure market: the nation, whose space to manoeuvre continually decreases; work groups, for example through the individualisation of salaries and of careers as a function of individual competences, with the consequent atomisation of workers; collectives for the defence of the rights of workers, unions, associations, cooperatives; even the family, which loses part of its control over consumption through the constitution of markets by age groups.","合作社（复数）",""
"loses","And it is achieved through the transformative and, it must be said, destructive action of all of the political measures (of which the most recent is the Multilateral Agreement on Investment (MAI), designed to protect foreign corporations and their investments from national states) that aim to call into question any and all collective structures that could serve as an obstacle to the logic of the pure market: the nation, whose space to manoeuvre continually decreases; work groups, for example through the individualisation of salaries and of careers as a function of individual competences, with the consequent atomisation of workers; collectives for the defence of the rights of workers, unions, associations, cooperatives; even the family, which loses part of its control over consumption through the constitution of markets by age groups.","失去",""
"control","And it is achieved through the transformative and, it must be said, destructive action of all of the political measures (of which the most recent is the Multilateral Agreement on Investment (MAI), designed to protect foreign corporations and their investments from national states) that aim to call into question any and all collective structures that could serve as an obstacle to the logic of the pure market: the nation, whose space to manoeuvre continually decreases; work groups, for example through the individualisation of salaries and of careers as a function of individual competences, with the consequent atomisation of workers; collectives for the defence of the rights of workers, unions, associations, cooperatives; even the family, which loses part of its control over consumption through the constitution of markets by age groups.","控制",""
"consumption","And it is achieved through the transformative and, it must be said, destructive action of all of the political measures (of which the most recent is the Multilateral Agreement on Investment (MAI), designed to protect foreign corporations and their investments from national states) that aim to call into question any and all collective structures that could serve as an obstacle to the logic of the pure market: the nation, whose space to manoeuvre continually decreases; work groups, for example through the individualisation of salaries and of careers as a function of individual competences, with the consequent atomisation of workers; collectives for the defence of the rights of workers, unions, associations, cooperatives; even the family, which loses part of its control over consumption through the constitution of markets by age groups.","消费",""
"constitution","And it is achieved through the transformative and, it must be said, destructive action of all of the political measures (of which the most recent is the Multilateral Agreement on Investment (MAI), designed to protect foreign corporations and their investments from national states) that aim to call into question any and all collective structures that could serve as an obstacle to the logic of the pure market: the nation, whose space to manoeuvre continually decreases; work groups, for example through the individualisation of salaries and of careers as a function of individual competences, with the consequent atomisation of workers; collectives for the defence of the rights of workers, unions, associations, cooperatives; even the family, which loses part of its control over consumption through the constitution of markets by age groups.","构成",""
"markets","And it is achieved through the transformative and, it must be said, destructive action of all of the political measures (of which the most recent is the Multilateral Agreement on Investment (MAI), designed to protect foreign corporations and their investments from national states) that aim to call into question any and all collective structures that could serve as an obstacle to the logic of the pure market: the nation, whose space to manoeuvre continually decreases; work groups, for example through the individualisation of salaries and of careers as a function of individual competences, with the consequent atomisation of workers; collectives for the defence of the rights of workers, unions, associations, cooperatives; even the family, which loses part of its control over consumption through the constitution of markets by age groups.","市场（复数）",""
"groups","And it is achieved through the transformative and, it must be said, destructive action of all of the political measures (of which the most recent is the Multilateral Agreement on Investment (MAI), designed to protect foreign corporations and their investments from national states) that aim to call into question any and all collective structures that could serve as an obstacle to the logic of the pure market: the nation, whose space to manoeuvre continually decreases; work groups, for example through the individualisation of salaries and of careers as a function of individual competences, with the consequent atomisation of workers; collectives for the defence of the rights of workers, unions, associations, cooperatives; even the family, which loses part of its control over consumption through the constitution of markets by age groups.","组（复数）（已缓存）",""
"adelmalek","Adelmalek Sayad passed away two years ago at this writing, leaving behind him one of the most original and fertile contributions to the anthropology of immigration of the past century","阿德尔马利克（人名，Adelmalek Sayad的名）",""
"sayad","Adelmalek Sayad passed away two years ago at this writing, leaving behind him one of the most original and fertile contributions to the anthropology of immigration of the past century","萨亚德（人名，Adelmalek Sayad的姓）",""
"passed","Adelmalek Sayad passed away two years ago at this writing, leaving behind him one of the most original and fertile contributions to the anthropology of immigration of the past century","（与away构成固定搭配，表‘去世’）",""
"years","Adelmalek Sayad passed away two years ago at this writing, leaving behind him one of the most original and fertile contributions to the anthropology of immigration of the past century","年（two years ago：两年前）",""
"this","Adelmalek Sayad passed away two years ago at this writing, leaving behind him one of the most original and fertile contributions to the anthropology of immigration of the past century","这（this writing：此刻/本文写作时）",""
"writing","Adelmalek Sayad passed away two years ago at this writing, leaving behind him one of the most original and fertile contributions to the anthropology of immigration of the past century","写作（at this writing：在写作本文时）",""
"leaving","Adelmalek Sayad passed away two years ago at this writing, leaving behind him one of the most original and fertile contributions to the anthropology of immigration of the past century","留下（leaving behind：留下）",""
"original","Adelmalek Sayad passed away two years ago at this writing, leaving behind him one of the most original and fertile contributions to the anthropology of immigration of the past century","原创的（most original：最具原创性的）",""
"fertile","Adelmalek Sayad passed away two years ago at this writing, leaving behind him one of the most original and fertile contributions to the anthropology of immigration of the past century","丰硕的（fertile contributions：丰硕的贡献）",""
"contributions","Adelmalek Sayad passed away two years ago at this writing, leaving behind him one of the most original and fertile contributions to the anthropology of immigration of the past century","贡献（contributions to...：对...的贡献）",""
"anthropology","Adelmalek Sayad passed away two years ago at this writing, leaving behind him one of the most original and fertile contributions to the anthropology of immigration of the past century","人类学（移民人类学）",""
"immigration","Adelmalek Sayad passed away two years ago at this writing, leaving behind him one of the most original and fertile contributions to the anthropology of immigration of the past century","移民（移民人类学）",""
"century","Adelmalek Sayad passed away two years ago at this writing, leaving behind him one of the most original and fertile contributions to the anthropology of immigration of the past century","世纪（past century：上世纪）",""
"voluminous","Throughout his voluminous and varied writings – close to a hundred publications, including eight books spanning the destruction of Algeria's traditional peasantry at the hands of French colonialism, the dynamics of migration chains from Kabylia to France, the impact of decolonization on the reception of Algerian workers in Marseilles, the odyssey of those workers and their children through the layers and institutions of French society, the social uses and political abuses of ""immigrant culture,"" and the everyday life of Algerian slums on the Parisian periphery during the fifties, all informed by an acute awareness of the political-economic roots and import of human transhumance – the Algerian sociologist both elaborated and demonstrated the potency of three pivotal principles for the study of migration.","卷帙浩繁的（形容著作数量多、篇幅大）",""
"writings","Throughout his voluminous and varied writings – close to a hundred publications, including eight books spanning the destruction of Algeria's traditional peasantry at the hands of French colonialism, the dynamics of migration chains from Kabylia to France, the impact of decolonization on the reception of Algerian workers in Marseilles, the odyssey of those workers and their children through the layers and institutions of French society, the social uses and political abuses of ""immigrant culture,"" and the everyday life of Algerian slums on the Parisian periphery during the fifties, all informed by an acute awareness of the political-economic roots and import of human transhumance – the Algerian sociologist both elaborated and demonstrated the potency of three pivotal principles for the study of migration.","著作（指作者的各类作品）",""
"varied","Throughout his voluminous and varied writings – close to a hundred publications, including eight books spanning the destruction of Algeria's traditional peasantry at the hands of French colonialism, the dynamics of migration chains from Kabylia to France, the impact of decolonization on the reception of Algerian workers in Marseilles, the odyssey of those workers and their children through the layers and institutions of French society, the social uses and political abuses of ""immigrant culture,"" and the everyday life of Algerian slums on the Parisian periphery during the fifties, all informed by an acute awareness of the political-economic roots and import of human transhumance – the Algerian sociologist both elaborated and demonstrated the potency of three pivotal principles for the study of migration.","内容多样的（形容著作内容丰富多样）",""
"publications","Throughout his voluminous and varied writings – close to a hundred publications, including eight books spanning the destruction of Algeria's traditional peasantry at the hands of French colonialism, the dynamics of migration chains from Kabylia to France, the impact of decolonization on the reception of Algerian workers in Marseilles, the odyssey of those workers and their children through the layers and institutions of French society, the social uses and political abuses of ""immigrant culture,"" and the everyday life of Algerian slums on the Parisian periphery during the fifties, all informed by an acute awareness of the political-economic roots and import of human transhumance – the Algerian sociologist both elaborated and demonstrated the potency of three pivotal principles for the study of migration.","出版物（指作者发表的各类作品）",""
"including","Throughout his voluminous and varied writings – close to a hundred publications, including eight books spanning the destruction of Algeria's traditional peasantry at the hands of French colonialism, the dynamics of migration chains from Kabylia to France, the impact of decolonization on the reception of Algerian workers in Marseilles, the odyssey of those workers and their children through the layers and institutions of French society, the social uses and political abuses of ""immigrant culture,"" and the everyday life of Algerian slums on the Parisian periphery during the fifties, all informed by an acute awareness of the political-economic roots and import of human transhumance – the Algerian sociologist both elaborated and demonstrated the potency of three pivotal principles for the study of migration.","包括（引出著作涵盖的具体内容）",""
"books","Throughout his voluminous and varied writings – close to a hundred publications, including eight books spanning the destruction of Algeria's traditional peasantry at the hands of French colonialism, the dynamics of migration chains from Kabylia to France, the impact of decolonization on the reception of Algerian workers in Marseilles, the odyssey of those workers and their children through the layers and institutions of French society, the social uses and political abuses of ""immigrant culture,"" and the everyday life of Algerian slums on the Parisian periphery during the fifties, all informed by an acute awareness of the political-economic roots and import of human transhumance – the Algerian sociologist both elaborated and demonstrated the potency of three pivotal principles for the study of migration.","书籍（指作者撰写的八本书）",""
"spanning","Throughout his voluminous and varied writings – close to a hundred publications, including eight books spanning the destruction of Algeria's traditional peasantry at the hands of French colonialism, the dynamics of migration chains from Kabylia to France, the impact of decolonization on the reception of Algerian workers in Marseilles, the odyssey of those workers and their children through the layers and institutions of French society, the social uses and political abuses of ""immigrant culture,"" and the everyday life of Algerian slums on the Parisian periphery during the fifties, all informed by an acute awareness of the political-economic roots and import of human transhumance – the Algerian sociologist both elaborated and demonstrated the potency of three pivotal principles for the study of migration.","涵盖（指书籍内容涵盖的主题范围）",""
"destruction","Throughout his voluminous and varied writings – close to a hundred publications, including eight books spanning the destruction of Algeria's traditional peasantry at the hands of French colonialism, the dynamics of migration chains from Kabylia to France, the impact of decolonization on the reception of Algerian workers in Marseilles, the odyssey of those workers and their children through the layers and institutions of French society, the social uses and political abuses of ""immigrant culture,"" and the everyday life of Algerian slums on the Parisian periphery during the fifties, all informed by an acute awareness of the political-economic roots and import of human transhumance – the Algerian sociologist both elaborated and demonstrated the potency of three pivotal principles for the study of migration.","毁灭（指阿尔及利亚传统农民遭到的毁灭）",""
"algeria's","Throughout his voluminous and varied writings – close to a hundred publications, including eight books spanning the destruction of Algeria's traditional peasantry at the hands of French colonialism, the dynamics of migration chains from Kabylia to France, the impact of decolonization on the reception of Algerian workers in Marseilles, the odyssey of those workers and their children through the layers and institutions of French society, the social uses and political abuses of ""immigrant culture,"" and the everyday life of Algerian slums on the Parisian periphery during the fifties, all informed by an acute awareness of the political-economic roots and import of human transhumance – the Algerian sociologist both elaborated and demonstrated the potency of three pivotal principles for the study of migration.","阿尔及利亚的（形容词性所有格，指阿尔及利亚的）",""
"traditional","Throughout his voluminous and varied writings – close to a hundred publications, including eight books spanning the destruction of Algeria's traditional peasantry at the hands of French colonialism, the dynamics of migration chains from Kabylia to France, the impact of decolonization on the reception of Algerian workers in Marseilles, the odyssey of those workers and their children through the layers and institutions of French society, the social uses and political abuses of ""immigrant culture,"" and the everyday life of Algerian slums on the Parisian periphery during the fifties, all informed by an acute awareness of the political-economic roots and import of human transhumance – the Algerian sociologist both elaborated and demonstrated the potency of three pivotal principles for the study of migration.","传统的（指传统农民阶层）",""
"peasantry","Throughout his voluminous and varied writings – close to a hundred publications, including eight books spanning the destruction of Algeria's traditional peasantry at the hands of French colonialism, the dynamics of migration chains from Kabylia to France, the impact of decolonization on the reception of Algerian workers in Marseilles, the odyssey of those workers and their children through the layers and institutions of French society, the social uses and political abuses of ""immigrant culture,"" and the everyday life of Algerian slums on the Parisian periphery during the fifties, all informed by an acute awareness of the political-economic roots and import of human transhumance – the Algerian sociologist both elaborated and demonstrated the potency of three pivotal principles for the study of migration.","农民阶层（指阿尔及利亚传统的农民群体）",""
"hands","Throughout his voluminous and varied writings – close to a hundred publications, including eight books spanning the destruction of Algeria's traditional peasantry at the hands of French colonialism, the dynamics of migration chains from Kabylia to France, the impact of decolonization on the reception of Algerian workers in Marseilles, the odyssey of those workers and their children through the layers and institutions of French society, the social uses and political abuses of ""immigrant culture,"" and the everyday life of Algerian slums on the Parisian periphery during the fifties, all informed by an acute awareness of the political-economic roots and import of human transhumance – the Algerian sociologist both elaborated and demonstrated the potency of three pivotal principles for the study of migration.","之手（指法国殖民主义者的行为之手）",""
"french","Throughout his voluminous and varied writings – close to a hundred publications, including eight books spanning the destruction of Algeria's traditional peasantry at the hands of French colonialism, the dynamics of migration chains from Kabylia to France, the impact of decolonization on the reception of Algerian workers in Marseilles, the odyssey of those workers and their children through the layers and institutions of French society, the social uses and political abuses of ""immigrant culture,"" and the everyday life of Algerian slums on the Parisian periphery during the fifties, all informed by an acute awareness of the political-economic roots and import of human transhumance – the Algerian sociologist both elaborated and demonstrated the potency of three pivotal principles for the study of migration.","法国的（指法国殖民主义）",""
"colonialism","Throughout his voluminous and varied writings – close to a hundred publications, including eight books spanning the destruction of Algeria's traditional peasantry at the hands of French colonialism, the dynamics of migration chains from Kabylia to France, the impact of decolonization on the reception of Algerian workers in Marseilles, the odyssey of those workers and their children through the layers and institutions of French society, the social uses and political abuses of ""immigrant culture,"" and the everyday life of Algerian slums on the Parisian periphery during the fifties, all informed by an acute awareness of the political-economic roots and import of human transhumance – the Algerian sociologist both elaborated and demonstrated the potency of three pivotal principles for the study of migration.","殖民主义（指法国对殖民地的统治制度）",""
"dynamics","Throughout his voluminous and varied writings – close to a hundred publications, including eight books spanning the destruction of Algeria's traditional peasantry at the hands of French colonialism, the dynamics of migration chains from Kabylia to France, the impact of decolonization on the reception of Algerian workers in Marseilles, the odyssey of those workers and their children through the layers and institutions of French society, the social uses and political abuses of ""immigrant culture,"" and the everyday life of Algerian slums on the Parisian periphery during the fifties, all informed by an acute awareness of the political-economic roots and import of human transhumance – the Algerian sociologist both elaborated and demonstrated the potency of three pivotal principles for the study of migration.","动态变化（指移民链条的动态过程）",""
"migration","Throughout his voluminous and varied writings – close to a hundred publications, including eight books spanning the destruction of Algeria's traditional peasantry at the hands of French colonialism, the dynamics of migration chains from Kabylia to France, the impact of decolonization on the reception of Algerian workers in Marseilles, the odyssey of those workers and their children through the layers and institutions of French society, the social uses and political abuses of ""immigrant culture,"" and the everyday life of Algerian slums on the Parisian periphery during the fifties, all informed by an acute awareness of the political-economic roots and import of human transhumance – the Algerian sociologist both elaborated and demonstrated the potency of three pivotal principles for the study of migration.","移民（指从卡比利亚到法国的人口迁移行为）",""
"chains","Throughout his voluminous and varied writings – close to a hundred publications, including eight books spanning the destruction of Algeria's traditional peasantry at the hands of French colonialism, the dynamics of migration chains from Kabylia to France, the impact of decolonization on the reception of Algerian workers in Marseilles, the odyssey of those workers and their children through the layers and institutions of French society, the social uses and political abuses of ""immigrant culture,"" and the everyday life of Algerian slums on the Parisian periphery during the fifties, all informed by an acute awareness of the political-economic roots and import of human transhumance – the Algerian sociologist both elaborated and demonstrated the potency of three pivotal principles for the study of migration.","链条（指移民的一系列关联过程）",""
"kabylia","Throughout his voluminous and varied writings – close to a hundred publications, including eight books spanning the destruction of Algeria's traditional peasantry at the hands of French colonialism, the dynamics of migration chains from Kabylia to France, the impact of decolonization on the reception of Algerian workers in Marseilles, the odyssey of those workers and their children through the layers and institutions of French society, the social uses and political abuses of ""immigrant culture,"" and the everyday life of Algerian slums on the Parisian periphery during the fifties, all informed by an acute awareness of the political-economic roots and import of human transhumance – the Algerian sociologist both elaborated and demonstrated the potency of three pivotal principles for the study of migration.","卡比利亚（阿尔及利亚东北部地区）",""
"france","Throughout his voluminous and varied writings – close to a hundred publications, including eight books spanning the destruction of Algeria's traditional peasantry at the hands of French colonialism, the dynamics of migration chains from Kabylia to France, the impact of decolonization on the reception of Algerian workers in Marseilles, the odyssey of those workers and their children through the layers and institutions of French society, the social uses and political abuses of ""immigrant culture,"" and the everyday life of Algerian slums on the Parisian periphery during the fifties, all informed by an acute awareness of the political-economic roots and import of human transhumance – the Algerian sociologist both elaborated and demonstrated the potency of three pivotal principles for the study of migration.","法国（欧洲国家，移民目的地）",""
"impact","Throughout his voluminous and varied writings – close to a hundred publications, including eight books spanning the destruction of Algeria's traditional peasantry at the hands of French colonialism, the dynamics of migration chains from Kabylia to France, the impact of decolonization on the reception of Algerian workers in Marseilles, the odyssey of those workers and their children through the layers and institutions of French society, the social uses and political abuses of ""immigrant culture,"" and the everyday life of Algerian slums on the Parisian periphery during the fifties, all informed by an acute awareness of the political-economic roots and import of human transhumance – the Algerian sociologist both elaborated and demonstrated the potency of three pivotal principles for the study of migration.","影响（指非殖民化带来的影响）",""
"decolonization","Throughout his voluminous and varied writings – close to a hundred publications, including eight books spanning the destruction of Algeria's traditional peasantry at the hands of French colonialism, the dynamics of migration chains from Kabylia to France, the impact of decolonization on the reception of Algerian workers in Marseilles, the odyssey of those workers and their children through the layers and institutions of French society, the social uses and political abuses of ""immigrant culture,"" and the everyday life of Algerian slums on the Parisian periphery during the fifties, all informed by an acute awareness of the political-economic roots and import of human transhumance – the Algerian sociologist both elaborated and demonstrated the potency of three pivotal principles for the study of migration.","非殖民化（指结束殖民统治的过程）",""
"reception","Throughout his voluminous and varied writings – close to a hundred publications, including eight books spanning the destruction of Algeria's traditional peasantry at the hands of French colonialism, the dynamics of migration chains from Kabylia to France, the impact of decolonization on the reception of Algerian workers in Marseilles, the odyssey of those workers and their children through the layers and institutions of French society, the social uses and political abuses of ""immigrant culture,"" and the everyday life of Algerian slums on the Parisian periphery during the fifties, all informed by an acute awareness of the political-economic roots and import of human transhumance – the Algerian sociologist both elaborated and demonstrated the potency of three pivotal principles for the study of migration.","接纳（指阿尔及利亚工人在马赛受到的接纳情况）",""
"algerian","Throughout his voluminous and varied writings – close to a hundred publications, including eight books spanning the destruction of Algeria's traditional peasantry at the hands of French colonialism, the dynamics of migration chains from Kabylia to France, the impact of decolonization on the reception of Algerian workers in Marseilles, the odyssey of those workers and their children through the layers and institutions of French society, the social uses and political abuses of ""immigrant culture,"" and the everyday life of Algerian slums on the Parisian periphery during the fifties, all informed by an acute awareness of the political-economic roots and import of human transhumance – the Algerian sociologist both elaborated and demonstrated the potency of three pivotal principles for the study of migration.","阿尔及利亚的（指阿尔及利亚工人）",""
"marseilles","Throughout his voluminous and varied writings – close to a hundred publications, including eight books spanning the destruction of Algeria's traditional peasantry at the hands of French colonialism, the dynamics of migration chains from Kabylia to France, the impact of decolonization on the reception of Algerian workers in Marseilles, the odyssey of those workers and their children through the layers and institutions of French society, the social uses and political abuses of ""immigrant culture,"" and the everyday life of Algerian slums on the Parisian periphery during the fifties, all informed by an acute awareness of the political-economic roots and import of human transhumance – the Algerian sociologist both elaborated and demonstrated the potency of three pivotal principles for the study of migration.","马赛（法国城市，阿尔及利亚工人的目的地之一）",""
"odyssey","Throughout his voluminous and varied writings – close to a hundred publications, including eight books spanning the destruction of Algeria's traditional peasantry at the hands of French colonialism, the dynamics of migration chains from Kabylia to France, the impact of decolonization on the reception of Algerian workers in Marseilles, the odyssey of those workers and their children through the layers and institutions of French society, the social uses and political abuses of ""immigrant culture,"" and the everyday life of Algerian slums on the Parisian periphery during the fifties, all informed by an acute awareness of the political-economic roots and import of human transhumance – the Algerian sociologist both elaborated and demonstrated the potency of three pivotal principles for the study of migration.","漂泊历程（比喻工人及其子女在法国社会的经历）",""
"children","Throughout his voluminous and varied writings – close to a hundred publications, including eight books spanning the destruction of Algeria's traditional peasantry at the hands of French colonialism, the dynamics of migration chains from Kabylia to France, the impact of decolonization on the reception of Algerian workers in Marseilles, the odyssey of those workers and their children through the layers and institutions of French society, the social uses and political abuses of ""immigrant culture,"" and the everyday life of Algerian slums on the Parisian periphery during the fifties, all informed by an acute awareness of the political-economic roots and import of human transhumance – the Algerian sociologist both elaborated and demonstrated the potency of three pivotal principles for the study of migration.","子女（那些工人的孩子）",""
"layers","Throughout his voluminous and varied writings – close to a hundred publications, including eight books spanning the destruction of Algeria's traditional peasantry at the hands of French colonialism, the dynamics of migration chains from Kabylia to France, the impact of decolonization on the reception of Algerian workers in Marseilles, the odyssey of those workers and their children through the layers and institutions of French society, the social uses and political abuses of ""immigrant culture,"" and the everyday life of Algerian slums on the Parisian periphery during the fifties, all informed by an acute awareness of the political-economic roots and import of human transhumance – the Algerian sociologist both elaborated and demonstrated the potency of three pivotal principles for the study of migration.","阶层（指法国社会的不同社会阶层）",""
"institutions","Throughout his voluminous and varied writings – close to a hundred publications, including eight books spanning the destruction of Algeria's traditional peasantry at the hands of French colonialism, the dynamics of migration chains from Kabylia to France, the impact of decolonization on the reception of Algerian workers in Marseilles, the odyssey of those workers and their children through the layers and institutions of French society, the social uses and political abuses of ""immigrant culture,"" and the everyday life of Algerian slums on the Parisian periphery during the fifties, all informed by an acute awareness of the political-economic roots and import of human transhumance – the Algerian sociologist both elaborated and demonstrated the potency of three pivotal principles for the study of migration.","机构（指法国社会的各类组织和机构）",""
"uses","Throughout his voluminous and varied writings – close to a hundred publications, including eight books spanning the destruction of Algeria's traditional peasantry at the hands of French colonialism, the dynamics of migration chains from Kabylia to France, the impact of decolonization on the reception of Algerian workers in Marseilles, the odyssey of those workers and their children through the layers and institutions of French society, the social uses and political abuses of ""immigrant culture,"" and the everyday life of Algerian slums on the Parisian periphery during the fifties, all informed by an acute awareness of the political-economic roots and import of human transhumance – the Algerian sociologist both elaborated and demonstrated the potency of three pivotal principles for the study of migration.","用途（指“移民文化”的社会用途）",""
"abuses","Throughout his voluminous and varied writings – close to a hundred publications, including eight books spanning the destruction of Algeria's traditional peasantry at the hands of French colonialism, the dynamics of migration chains from Kabylia to France, the impact of decolonization on the reception of Algerian workers in Marseilles, the odyssey of those workers and their children through the layers and institutions of French society, the social uses and political abuses of ""immigrant culture,"" and the everyday life of Algerian slums on the Parisian periphery during the fifties, all informed by an acute awareness of the political-economic roots and import of human transhumance – the Algerian sociologist both elaborated and demonstrated the potency of three pivotal principles for the study of migration.","滥用（指“移民文化”的政治滥用）",""
"immigrant","Throughout his voluminous and varied writings – close to a hundred publications, including eight books spanning the destruction of Algeria's traditional peasantry at the hands of French colonialism, the dynamics of migration chains from Kabylia to France, the impact of decolonization on the reception of Algerian workers in Marseilles, the odyssey of those workers and their children through the layers and institutions of French society, the social uses and political abuses of ""immigrant culture,"" and the everyday life of Algerian slums on the Parisian periphery during the fifties, all informed by an acute awareness of the political-economic roots and import of human transhumance – the Algerian sociologist both elaborated and demonstrated the potency of three pivotal principles for the study of migration.","移民的（指移民群体的文化）",""
"everyday","Throughout his voluminous and varied writings – close to a hundred publications, including eight books spanning the destruction of Algeria's traditional peasantry at the hands of French colonialism, the dynamics of migration chains from Kabylia to France, the impact of decolonization on the reception of Algerian workers in Marseilles, the odyssey of those workers and their children through the layers and institutions of French society, the social uses and political abuses of ""immigrant culture,"" and the everyday life of Algerian slums on the Parisian periphery during the fifties, all informed by an acute awareness of the political-economic roots and import of human transhumance – the Algerian sociologist both elaborated and demonstrated the potency of three pivotal principles for the study of migration.","日常的（指日常生活）",""
"slums","Throughout his voluminous and varied writings – close to a hundred publications, including eight books spanning the destruction of Algeria's traditional peasantry at the hands of French colonialism, the dynamics of migration chains from Kabylia to France, the impact of decolonization on the reception of Algerian workers in Marseilles, the odyssey of those workers and their children through the layers and institutions of French society, the social uses and political abuses of ""immigrant culture,"" and the everyday life of Algerian slums on the Parisian periphery during the fifties, all informed by an acute awareness of the political-economic roots and import of human transhumance – the Algerian sociologist both elaborated and demonstrated the potency of three pivotal principles for the study of migration.","贫民窟（指阿尔及利亚人在巴黎外围的居住区域）",""
"parisian","Throughout his voluminous and varied writings – close to a hundred publications, including eight books spanning the destruction of Algeria's traditional peasantry at the hands of French colonialism, the dynamics of migration chains from Kabylia to France, the impact of decolonization on the reception of Algerian workers in Marseilles, the odyssey of those workers and their children through the layers and institutions of French society, the social uses and political abuses of ""immigrant culture,"" and the everyday life of Algerian slums on the Parisian periphery during the fifties, all informed by an acute awareness of the political-economic roots and import of human transhumance – the Algerian sociologist both elaborated and demonstrated the potency of three pivotal principles for the study of migration.","巴黎的（指巴黎外围地区）",""
"periphery","Throughout his voluminous and varied writings – close to a hundred publications, including eight books spanning the destruction of Algeria's traditional peasantry at the hands of French colonialism, the dynamics of migration chains from Kabylia to France, the impact of decolonization on the reception of Algerian workers in Marseilles, the odyssey of those workers and their children through the layers and institutions of French society, the social uses and political abuses of ""immigrant culture,"" and the everyday life of Algerian slums on the Parisian periphery during the fifties, all informed by an acute awareness of the political-economic roots and import of human transhumance – the Algerian sociologist both elaborated and demonstrated the potency of three pivotal principles for the study of migration.","外围地区（指巴黎市区以外的周边区域）",""
"fifties","Throughout his voluminous and varied writings – close to a hundred publications, including eight books spanning the destruction of Algeria's traditional peasantry at the hands of French colonialism, the dynamics of migration chains from Kabylia to France, the impact of decolonization on the reception of Algerian workers in Marseilles, the odyssey of those workers and their children through the layers and institutions of French society, the social uses and political abuses of ""immigrant culture,"" and the everyday life of Algerian slums on the Parisian periphery during the fifties, all informed by an acute awareness of the political-economic roots and import of human transhumance – the Algerian sociologist both elaborated and demonstrated the potency of three pivotal principles for the study of migration.","五十年代（二十世纪五十年代）",""
"informed","Throughout his voluminous and varied writings – close to a hundred publications, including eight books spanning the destruction of Algeria's traditional peasantry at the hands of French colonialism, the dynamics of migration chains from Kabylia to France, the impact of decolonization on the reception of Algerian workers in Marseilles, the odyssey of those workers and their children through the layers and institutions of French society, the social uses and political abuses of ""immigrant culture,"" and the everyday life of Algerian slums on the Parisian periphery during the fifties, all informed by an acute awareness of the political-economic roots and import of human transhumance – the Algerian sociologist both elaborated and demonstrated the potency of three pivotal principles for the study of migration.","基于（指所有内容基于某种认识）",""
"acute","Throughout his voluminous and varied writings – close to a hundred publications, including eight books spanning the destruction of Algeria's traditional peasantry at the hands of French colonialism, the dynamics of migration chains from Kabylia to France, the impact of decolonization on the reception of Algerian workers in Marseilles, the odyssey of those workers and their children through the layers and institutions of French society, the social uses and political abuses of ""immigrant culture,"" and the everyday life of Algerian slums on the Parisian periphery during the fifties, all informed by an acute awareness of the political-economic roots and import of human transhumance – the Algerian sociologist both elaborated and demonstrated the potency of three pivotal principles for the study of migration.","敏锐的（指对政治经济根源的洞察力）",""
"awareness","Throughout his voluminous and varied writings – close to a hundred publications, including eight books spanning the destruction of Algeria's traditional peasantry at the hands of French colonialism, the dynamics of migration chains from Kabylia to France, the impact of decolonization on the reception of Algerian workers in Marseilles, the odyssey of those workers and their children through the layers and institutions of French society, the social uses and political abuses of ""immigrant culture,"" and the everyday life of Algerian slums on the Parisian periphery during the fifties, all informed by an acute awareness of the political-economic roots and import of human transhumance – the Algerian sociologist both elaborated and demonstrated the potency of three pivotal principles for the study of migration.","认识（指对人类迁移的根源和重要性的认知）",""
"economic","Throughout his voluminous and varied writings – close to a hundred publications, including eight books spanning the destruction of Algeria's traditional peasantry at the hands of French colonialism, the dynamics of migration chains from Kabylia to France, the impact of decolonization on the reception of Algerian workers in Marseilles, the odyssey of those workers and their children through the layers and institutions of French society, the social uses and political abuses of ""immigrant culture,"" and the everyday life of Algerian slums on the Parisian periphery during the fifties, all informed by an acute awareness of the political-economic roots and import of human transhumance – the Algerian sociologist both elaborated and demonstrated the potency of three pivotal principles for the study of migration.","经济的（指政治经济根源）",""
"roots","Throughout his voluminous and varied writings – close to a hundred publications, including eight books spanning the destruction of Algeria's traditional peasantry at the hands of French colonialism, the dynamics of migration chains from Kabylia to France, the impact of decolonization on the reception of Algerian workers in Marseilles, the odyssey of those workers and their children through the layers and institutions of French society, the social uses and political abuses of ""immigrant culture,"" and the everyday life of Algerian slums on the Parisian periphery during the fifties, all informed by an acute awareness of the political-economic roots and import of human transhumance – the Algerian sociologist both elaborated and demonstrated the potency of three pivotal principles for the study of migration.","根源（指政治经济层面的根源）",""
"import","Throughout his voluminous and varied writings – close to a hundred publications, including eight books spanning the destruction of Algeria's traditional peasantry at the hands of French colonialism, the dynamics of migration chains from Kabylia to France, the impact of decolonization on the reception of Algerian workers in Marseilles, the odyssey of those workers and their children through the layers and institutions of French society, the social uses and political abuses of ""immigrant culture,"" and the everyday life of Algerian slums on the Parisian periphery during the fifties, all informed by an acute awareness of the political-economic roots and import of human transhumance – the Algerian sociologist both elaborated and demonstrated the potency of three pivotal principles for the study of migration.","重要性（指人类季节性迁移的重要性）",""
"transhumance","Throughout his voluminous and varied writings – close to a hundred publications, including eight books spanning the destruction of Algeria's traditional peasantry at the hands of French colonialism, the dynamics of migration chains from Kabylia to France, the impact of decolonization on the reception of Algerian workers in Marseilles, the odyssey of those workers and their children through the layers and institutions of French society, the social uses and political abuses of ""immigrant culture,"" and the everyday life of Algerian slums on the Parisian periphery during the fifties, all informed by an acute awareness of the political-economic roots and import of human transhumance – the Algerian sociologist both elaborated and demonstrated the potency of three pivotal principles for the study of migration.","人类的季节性迁移（指牧民或类似群体的迁移行为）",""
"sociologist","Throughout his voluminous and varied writings – close to a hundred publications, including eight books spanning the destruction of Algeria's traditional peasantry at the hands of French colonialism, the dynamics of migration chains from Kabylia to France, the impact of decolonization on the reception of Algerian workers in Marseilles, the odyssey of those workers and their children through the layers and institutions of French society, the social uses and political abuses of ""immigrant culture,"" and the everyday life of Algerian slums on the Parisian periphery during the fifties, all informed by an acute awareness of the political-economic roots and import of human transhumance – the Algerian sociologist both elaborated and demonstrated the potency of three pivotal principles for the study of migration.","社会学家（指研究移民的阿尔及利亚学者）",""
"elaborated","Throughout his voluminous and varied writings – close to a hundred publications, including eight books spanning the destruction of Algeria's traditional peasantry at the hands of French colonialism, the dynamics of migration chains from Kabylia to France, the impact of decolonization on the reception of Algerian workers in Marseilles, the odyssey of those workers and their children through the layers and institutions of French society, the social uses and political abuses of ""immigrant culture,"" and the everyday life of Algerian slums on the Parisian periphery during the fifties, all informed by an acute awareness of the political-economic roots and import of human transhumance – the Algerian sociologist both elaborated and demonstrated the potency of three pivotal principles for the study of migration.","详细阐述（指学者对关键原则的系统说明）",""
"demonstrated","Throughout his voluminous and varied writings – close to a hundred publications, including eight books spanning the destruction of Algeria's traditional peasantry at the hands of French colonialism, the dynamics of migration chains from Kabylia to France, the impact of decolonization on the reception of Algerian workers in Marseilles, the odyssey of those workers and their children through the layers and institutions of French society, the social uses and political abuses of ""immigrant culture,"" and the everyday life of Algerian slums on the Parisian periphery during the fifties, all informed by an acute awareness of the political-economic roots and import of human transhumance – the Algerian sociologist both elaborated and demonstrated the potency of three pivotal principles for the study of migration.","论证（指学者证明原则的有效性）",""
"potency","Throughout his voluminous and varied writings – close to a hundred publications, including eight books spanning the destruction of Algeria's traditional peasantry at the hands of French colonialism, the dynamics of migration chains from Kabylia to France, the impact of decolonization on the reception of Algerian workers in Marseilles, the odyssey of those workers and their children through the layers and institutions of French society, the social uses and political abuses of ""immigrant culture,"" and the everyday life of Algerian slums on the Parisian periphery during the fifties, all informed by an acute awareness of the political-economic roots and import of human transhumance – the Algerian sociologist both elaborated and demonstrated the potency of three pivotal principles for the study of migration.","有效性（指三条原则对研究移民的作用）",""
"pivotal","Throughout his voluminous and varied writings – close to a hundred publications, including eight books spanning the destruction of Algeria's traditional peasantry at the hands of French colonialism, the dynamics of migration chains from Kabylia to France, the impact of decolonization on the reception of Algerian workers in Marseilles, the odyssey of those workers and their children through the layers and institutions of French society, the social uses and political abuses of ""immigrant culture,"" and the everyday life of Algerian slums on the Parisian periphery during the fifties, all informed by an acute awareness of the political-economic roots and import of human transhumance – the Algerian sociologist both elaborated and demonstrated the potency of three pivotal principles for the study of migration.","关键的（指对研究移民至关重要的原则）",""
"principles","Throughout his voluminous and varied writings – close to a hundred publications, including eight books spanning the destruction of Algeria's traditional peasantry at the hands of French colonialism, the dynamics of migration chains from Kabylia to France, the impact of decolonization on the reception of Algerian workers in Marseilles, the odyssey of those workers and their children through the layers and institutions of French society, the social uses and political abuses of ""immigrant culture,"" and the everyday life of Algerian slums on the Parisian periphery during the fifties, all informed by an acute awareness of the political-economic roots and import of human transhumance – the Algerian sociologist both elaborated and demonstrated the potency of three pivotal principles for the study of migration.","原则（指三条核心研究原则）",""
"throughout","Throughout his voluminous and varied writings close to a hundred publications, including eight books spanning the destruction of Algeria's traditional peasantry at the hands of French colonialism, the dynamics of migration chains from Kabylia to France, the impact of decolonization on the reception of Algerian workers in Marseilles","遍及；在…的整个范围内",""
"algeria's","Throughout his voluminous and varied writings close to a hundred publications, including eight books spanning the destruction of Algeria's traditional peasantry at the hands of French colonialism, the dynamics of migration chains from Kabylia to France, the impact of decolonization on the reception of Algerian workers in Marseilles","阿尔及利亚的",""
"the","The first is the simple but fundamental proposition, whose implications remain to be fully drawn out by scholars and policy makers alike, that before he or she becomes an immigrant, the migrant is always first an emigrant, and that the sociology of migration must therefore imperatively start, not from the concerns and cleavages of the receiving society, but from the sending communities, their history, structure, and contradictions","缓存单词，无需释义",""
"simple","The first is the simple but fundamental proposition, whose implications remain to be fully drawn out by scholars and policy makers alike, that before he or she becomes an immigrant, the migrant is always first an emigrant, and that the sociology of migration must therefore imperatively start, not from the concerns and cleavages of the receiving society, but from the sending communities, their history, structure, and contradictions","简单易懂的（指该命题）",""
"fundamental","The first is the simple but fundamental proposition, whose implications remain to be fully drawn out by scholars and policy makers alike, that before he or she becomes an immigrant, the migrant is always first an emigrant, and that the sociology of migration must therefore imperatively start, not from the concerns and cleavages of the receiving society, but from the sending communities, their history, structure, and contradictions","根本性的（指该命题的重要性）",""
"proposition","The first is the simple but fundamental proposition, whose implications remain to be fully drawn out by scholars and policy makers alike, that before he or she becomes an immigrant, the migrant is always first an emigrant, and that the sociology of migration must therefore imperatively start, not from the concerns and cleavages of the receiving society, but from the sending communities, their history, structure, and contradictions","命题（学术论断）",""
"implications","The first is the simple but fundamental proposition, whose implications remain to be fully drawn out by scholars and policy makers alike, that before he or she becomes an immigrant, the migrant is always first an emigrant, and that the sociology of migration must therefore imperatively start, not from the concerns and cleavages of the receiving society, but from the sending communities, their history, structure, and contradictions","（该命题的）内涵、意义",""
"remain","The first is the simple but fundamental proposition, whose implications remain to be fully drawn out by scholars and policy makers alike, that before he or she becomes an immigrant, the migrant is always first an emigrant, and that the sociology of migration must therefore imperatively start, not from the concerns and cleavages of the receiving society, but from the sending communities, their history, structure, and contradictions","仍然处于（某种状态）",""
"fully","The first is the simple but fundamental proposition, whose implications remain to be fully drawn out by scholars and policy makers alike, that before he or she becomes an immigrant, the migrant is always first an emigrant, and that the sociology of migration must therefore imperatively start, not from the concerns and cleavages of the receiving society, but from the sending communities, their history, structure, and contradictions","充分地（指充分挖掘）",""
"drawn","The first is the simple but fundamental proposition, whose implications remain to be fully drawn out by scholars and policy makers alike, that before he or she becomes an immigrant, the migrant is always first an emigrant, and that the sociology of migration must therefore imperatively start, not from the concerns and cleavages of the receiving society, but from the sending communities, their history, structure, and contradictions","（被）挖掘、阐明",""
"scholars","The first is the simple but fundamental proposition, whose implications remain to be fully drawn out by scholars and policy makers alike, that before he or she becomes an immigrant, the migrant is always first an emigrant, and that the sociology of migration must therefore imperatively start, not from the concerns and cleavages of the receiving society, but from the sending communities, their history, structure, and contradictions","学者（学术研究者）",""
"policy","The first is the simple but fundamental proposition, whose implications remain to be fully drawn out by scholars and policy makers alike, that before he or she becomes an immigrant, the migrant is always first an emigrant, and that the sociology of migration must therefore imperatively start, not from the concerns and cleavages of the receiving society, but from the sending communities, their history, structure, and contradictions","政策",""
"makers","The first is the simple but fundamental proposition, whose implications remain to be fully drawn out by scholars and policy makers alike, that before he or she becomes an immigrant, the migrant is always first an emigrant, and that the sociology of migration must therefore imperatively start, not from the concerns and cleavages of the receiving society, but from the sending communities, their history, structure, and contradictions","制定者",""
"alike","The first is the simple but fundamental proposition, whose implications remain to be fully drawn out by scholars and policy makers alike, that before he or she becomes an immigrant, the migrant is always first an emigrant, and that the sociology of migration must therefore imperatively start, not from the concerns and cleavages of the receiving society, but from the sending communities, their history, structure, and contradictions","（两者）都（指学者和政策制定者）",""
"he","The first is the simple but fundamental proposition, whose implications remain to be fully drawn out by scholars and policy makers alike, that before he or she becomes an immigrant, the migrant is always first an emigrant, and that the sociology of migration must therefore imperatively start, not from the concerns and cleavages of the receiving society, but from the sending communities, their history, structure, and contradictions","他（泛指任何人）",""
"becomes","The first is the simple but fundamental proposition, whose implications remain to be fully drawn out by scholars and policy makers alike, that before he or she becomes an immigrant, the migrant is always first an emigrant, and that the sociology of migration must therefore imperatively start, not from the concerns and cleavages of the receiving society, but from the sending communities, their history, structure, and contradictions","成为",""
"migrant","The first is the simple but fundamental proposition, whose implications remain to be fully drawn out by scholars and policy makers alike, that before he or she becomes an immigrant, the migrant is always first an emigrant, and that the sociology of migration must therefore imperatively start, not from the concerns and cleavages of the receiving society, but from the sending communities, their history, structure, and contradictions","移民（泛指流动的移民，此处指即将移入他国的人）",""
"emigrant","The first is the simple but fundamental proposition, whose implications remain to be fully drawn out by scholars and policy makers alike, that before he or she becomes an immigrant, the migrant is always first an emigrant, and that the sociology of migration must therefore imperatively start, not from the concerns and cleavages of the receiving society, but from the sending communities, their history, structure, and contradictions","出境移民（移出本国的人）",""
"sociology","The first is the simple but fundamental proposition, whose implications remain to be fully drawn out by scholars and policy makers alike, that before he or she becomes an immigrant, the migrant is always first an emigrant, and that the sociology of migration must therefore imperatively start, not from the concerns and cleavages of the receiving society, but from the sending communities, their history, structure, and contradictions","社会学",""
"therefore","The first is the simple but fundamental proposition, whose implications remain to be fully drawn out by scholars and policy makers alike, that before he or she becomes an immigrant, the migrant is always first an emigrant, and that the sociology of migration must therefore imperatively start, not from the concerns and cleavages of the receiving society, but from the sending communities, their history, structure, and contradictions","因此，所以",""
"imperatively","The first is the simple but fundamental proposition, whose implications remain to be fully drawn out by scholars and policy makers alike, that before he or she becomes an immigrant, the migrant is always first an emigrant, and that the sociology of migration must therefore imperatively start, not from the concerns and cleavages of the receiving society, but from the sending communities, their history, structure, and contradictions","务必、必须",""
"concerns","The first is the simple but fundamental proposition, whose implications remain to be fully drawn out by scholars and policy makers alike, that before he or she becomes an immigrant, the migrant is always first an emigrant, and that the sociology of migration must therefore imperatively start, not from the concerns and cleavages of the receiving society, but from the sending communities, their history, structure, and contradictions","关切、关注点（指社会的关注点）",""
"cleavages","The first is the simple but fundamental proposition, whose implications remain to be fully drawn out by scholars and policy makers alike, that before he or she becomes an immigrant, the migrant is always first an emigrant, and that the sociology of migration must therefore imperatively start, not from the concerns and cleavages of the receiving society, but from the sending communities, their history, structure, and contradictions","分歧、裂痕（指社会的分歧）",""
"receiving","The first is the simple but fundamental proposition, whose implications remain to be fully drawn out by scholars and policy makers alike, that before he or she becomes an immigrant, the migrant is always first an emigrant, and that the sociology of migration must therefore imperatively start, not from the concerns and cleavages of the receiving society, but from the sending communities, their history, structure, and contradictions","接收的（指接收移民的）",""
"sending","The first is the simple but fundamental proposition, whose implications remain to be fully drawn out by scholars and policy makers alike, that before he or she becomes an immigrant, the migrant is always first an emigrant, and that the sociology of migration must therefore imperatively start, not from the concerns and cleavages of the receiving society, but from the sending communities, their history, structure, and contradictions","输出的（指输出移民的）",""
"communities","The first is the simple but fundamental proposition, whose implications remain to be fully drawn out by scholars and policy makers alike, that before he or she becomes an immigrant, the migrant is always first an emigrant, and that the sociology of migration must therefore imperatively start, not from the concerns and cleavages of the receiving society, but from the sending communities, their history, structure, and contradictions","社群、社区（此处指移民输出社群）",""
"structure","The first is the simple but fundamental proposition, whose implications remain to be fully drawn out by scholars and policy makers alike, that before he or she becomes an immigrant, the migrant is always first an emigrant, and that the sociology of migration must therefore imperatively start, not from the concerns and cleavages of the receiving society, but from the sending communities, their history, structure, and contradictions","结构（指社群的结构）",""
"contradictions","The first is the simple but fundamental proposition, whose implications remain to be fully drawn out by scholars and policy makers alike, that before he or she becomes an immigrant, the migrant is always first an emigrant, and that the sociology of migration must therefore imperatively start, not from the concerns and cleavages of the receiving society, but from the sending communities, their history, structure, and contradictions","内在矛盾、冲突（指社群的内在矛盾）",""
"contraction","The common contraction of the emigration-immigration doublet to its second component mutilates the phenomenon and entraps the study of migrants into an artificial problematic of ""lack"" and deficiency explained away by ritualized references, now to their lower class composition and substandard conditions of living, now to the peculiarities of the culture they have brought with them.2Resisting such ethnocentric imposition, the sociology of migration must take as its object not the ""problems"" that migrants pose for the advanced societies which attract them, in matters of employment, housing, schooling and health, but the dynamic ""relationship between the system of dispositions of emigrants and the ensemble of mechanisms to which they are subjected owing to this emigration"" (Sayad 1These books are respectively (in English titles): The Uprooting: The Crisis of Traditional Agriculture in Algeria (Bourdieu and Sayad 1964), Algerian Immigration in France (Gillette and Sayad 1976),","(术语的)缩略形式",""
"emigration-immigration","The common contraction of the emigration-immigration doublet to its second component mutilates the phenomenon and entraps the study of migrants into an artificial problematic of ""lack"" and deficiency explained away by ritualized references, now to their lower class composition and substandard conditions of living, now to the peculiarities of the culture they have brought with them.2Resisting such ethnocentric imposition, the sociology of migration must take as its object not the ""problems"" that migrants pose for the advanced societies which attract them, in matters of employment, housing, schooling and health, but the dynamic ""relationship between the system of dispositions of emigrants and the ensemble of mechanisms to which they are subjected owing to this emigration"" (Sayad 1These books are respectively (in English titles): The Uprooting: The Crisis of Traditional Agriculture in Algeria (Bourdieu and Sayad 1964), Algerian Immigration in France (Gillette and Sayad 1976),","出境移民与入境移民(一组相关学术术语)",""
"doublet","The common contraction of the emigration-immigration doublet to its second component mutilates the phenomenon and entraps the study of migrants into an artificial problematic of ""lack"" and deficiency explained away by ritualized references, now to their lower class composition and substandard conditions of living, now to the peculiarities of the culture they have brought with them.2Resisting such ethnocentric imposition, the sociology of migration must take as its object not the ""problems"" that migrants pose for the advanced societies which attract them, in matters of employment, housing, schooling and health, but the dynamic ""relationship between the system of dispositions of emigrants and the ensemble of mechanisms to which they are subjected owing to this emigration"" (Sayad 1These books are respectively (in English titles): The Uprooting: The Crisis of Traditional Agriculture in Algeria (Bourdieu and Sayad 1964), Algerian Immigration in France (Gillette and Sayad 1976),","成对术语(指emigration与immigration这一组相关术语)",""
"component","The common contraction of the emigration-immigration doublet to its second component mutilates the phenomenon and entraps the study of migrants into an artificial problematic of ""lack"" and deficiency explained away by ritualized references, now to their lower class composition and substandard conditions of living, now to the peculiarities of the culture they have brought with them.2Resisting such ethnocentric imposition, the sociology of migration must take as its object not the ""problems"" that migrants pose for the advanced societies which attract them, in matters of employment, housing, schooling and health, but the dynamic ""relationship between the system of dispositions of emigrants and the ensemble of mechanisms to which they are subjected owing to this emigration"" (Sayad 1These books are respectively (in English titles): The Uprooting: The Crisis of Traditional Agriculture in Algeria (Bourdieu and Sayad 1964), Algerian Immigration in France (Gillette and Sayad 1976),","组成部分",""
"mutilates","The common contraction of the emigration-immigration doublet to its second component mutilates the phenomenon and entraps the study of migrants into an artificial problematic of ""lack"" and deficiency explained away by ritualized references, now to their lower class composition and substandard conditions of living, now to the peculiarities of the culture they have brought with them.2Resisting such ethnocentric imposition, the sociology of migration must take as its object not the ""problems"" that migrants pose for the advanced societies which attract them, in matters of employment, housing, schooling and health, but the dynamic ""relationship between the system of dispositions of emigrants and the ensemble of mechanisms to which they are subjected owing to this emigration"" (Sayad 1These books are respectively (in English titles): The Uprooting: The Crisis of Traditional Agriculture in Algeria (Bourdieu and Sayad 1964), Algerian Immigration in France (Gillette and Sayad 1976),","扭曲，曲解",""
"phenomenon","The common contraction of the emigration-immigration doublet to its second component mutilates the phenomenon and entraps the study of migrants into an artificial problematic of ""lack"" and deficiency explained away by ritualized references, now to their lower class composition and substandard conditions of living, now to the peculiarities of the culture they have brought with them.2Resisting such ethnocentric imposition, the sociology of migration must take as its object not the ""problems"" that migrants pose for the advanced societies which attract them, in matters of employment, housing, schooling and health, but the dynamic ""relationship between the system of dispositions of emigrants and the ensemble of mechanisms to which they are subjected owing to this emigration"" (Sayad 1These books are respectively (in English titles): The Uprooting: The Crisis of Traditional Agriculture in Algeria (Bourdieu and Sayad 1964), Algerian Immigration in France (Gillette and Sayad 1976),","现象",""
"entraps","The common contraction of the emigration-immigration doublet to its second component mutilates the phenomenon and entraps the study of migrants into an artificial problematic of ""lack"" and deficiency explained away by ritualized references, now to their lower class composition and substandard conditions of living, now to the peculiarities of the culture they have brought with them.2Resisting such ethnocentric imposition, the sociology of migration must take as its object not the ""problems"" that migrants pose for the advanced societies which attract them, in matters of employment, housing, schooling and health, but the dynamic ""relationship between the system of dispositions of emigrants and the ensemble of mechanisms to which they are subjected owing to this emigration"" (Sayad 1These books are respectively (in English titles): The Uprooting: The Crisis of Traditional Agriculture in Algeria (Bourdieu and Sayad 1964), Algerian Immigration in France (Gillette and Sayad 1976),","使陷入(困境)",""
"migrants","The common contraction of the emigration-immigration doublet to its second component mutilates the phenomenon and entraps the study of migrants into an artificial problematic of ""lack"" and deficiency explained away by ritualized references, now to their lower class composition and substandard conditions of living, now to the peculiarities of the culture they have brought with them.2Resisting such ethnocentric imposition, the sociology of migration must take as its object not the ""problems"" that migrants pose for the advanced societies which attract them, in matters of employment, housing, schooling and health, but the dynamic ""relationship between the system of dispositions of emigrants and the ensemble of mechanisms to which they are subjected owing to this emigration"" (Sayad 1These books are respectively (in English titles): The Uprooting: The Crisis of Traditional Agriculture in Algeria (Bourdieu and Sayad 1964), Algerian Immigration in France (Gillette and Sayad 1976),","移民(迁移人群)",""
"artificial","The common contraction of the emigration-immigration doublet to its second component mutilates the phenomenon and entraps the study of migrants into an artificial problematic of ""lack"" and deficiency explained away by ritualized references, now to their lower class composition and substandard conditions of living, now to the peculiarities of the culture they have brought with them.2Resisting such ethnocentric imposition, the sociology of migration must take as its object not the ""problems"" that migrants pose for the advanced societies which attract them, in matters of employment, housing, schooling and health, but the dynamic ""relationship between the system of dispositions of emigrants and the ensemble of mechanisms to which they are subjected owing to this emigration"" (Sayad 1These books are respectively (in English titles): The Uprooting: The Crisis of Traditional Agriculture in Algeria (Bourdieu and Sayad 1964), Algerian Immigration in France (Gillette and Sayad 1976),","人为的，虚假的",""
"problematic","The common contraction of the emigration-immigration doublet to its second component mutilates the phenomenon and entraps the study of migrants into an artificial problematic of ""lack"" and deficiency explained away by ritualized references, now to their lower class composition and substandard conditions of living, now to the peculiarities of the culture they have brought with them.2Resisting such ethnocentric imposition, the sociology of migration must take as its object not the ""problems"" that migrants pose for the advanced societies which attract them, in matters of employment, housing, schooling and health, but the dynamic ""relationship between the system of dispositions of emigrants and the ensemble of mechanisms to which they are subjected owing to this emigration"" (Sayad 1These books are respectively (in English titles): The Uprooting: The Crisis of Traditional Agriculture in Algeria (Bourdieu and Sayad 1964), Algerian Immigration in France (Gillette and Sayad 1976),","问题框架，问题语境",""
"""lack""","The common contraction of the emigration-immigration doublet to its second component mutilates the phenomenon and entraps the study of migrants into an artificial problematic of ""lack"" and deficiency explained away by ritualized references, now to their lower class composition and substandard conditions of living, now to the peculiarities of the culture they have brought with them.2Resisting such ethnocentric imposition, the sociology of migration must take as its object not the ""problems"" that migrants pose for the advanced societies which attract them, in matters of employment, housing, schooling and health, but the dynamic ""relationship between the system of dispositions of emigrants and the ensemble of mechanisms to which they are subjected owing to this emigration"" (Sayad 1These books are respectively (in English titles): The Uprooting: The Crisis of Traditional Agriculture in Algeria (Bourdieu and Sayad 1964), Algerian Immigration in France (Gillette and Sayad 1976),","""缺失""(文中特定术语)",""
"deficiency","The common contraction of the emigration-immigration doublet to its second component mutilates the phenomenon and entraps the study of migrants into an artificial problematic of ""lack"" and deficiency explained away by ritualized references, now to their lower class composition and substandard conditions of living, now to the peculiarities of the culture they have brought with them.2Resisting such ethnocentric imposition, the sociology of migration must take as its object not the ""problems"" that migrants pose for the advanced societies which attract them, in matters of employment, housing, schooling and health, but the dynamic ""relationship between the system of dispositions of emigrants and the ensemble of mechanisms to which they are subjected owing to this emigration"" (Sayad 1These books are respectively (in English titles): The Uprooting: The Crisis of Traditional Agriculture in Algeria (Bourdieu and Sayad 1964), Algerian Immigration in France (Gillette and Sayad 1976),","不足，缺陷",""
"explained","The common contraction of the emigration-immigration doublet to its second component mutilates the phenomenon and entraps the study of migrants into an artificial problematic of ""lack"" and deficiency explained away by ritualized references, now to their lower class composition and substandard conditions of living, now to the peculiarities of the culture they have brought with them.2Resisting such ethnocentric imposition, the sociology of migration must take as its object not the ""problems"" that migrants pose for the advanced societies which attract them, in matters of employment, housing, schooling and health, but the dynamic ""relationship between the system of dispositions of emigrants and the ensemble of mechanisms to which they are subjected owing to this emigration"" (Sayad 1These books are respectively (in English titles): The Uprooting: The Crisis of Traditional Agriculture in Algeria (Bourdieu and Sayad 1964), Algerian Immigration in France (Gillette and Sayad 1976),","被用来搪塞(解释)",""
"ritualized","The common contraction of the emigration-immigration doublet to its second component mutilates the phenomenon and entraps the study of migrants into an artificial problematic of ""lack"" and deficiency explained away by ritualized references, now to their lower class composition and substandard conditions of living, now to the peculiarities of the culture they have brought with them.2Resisting such ethnocentric imposition, the sociology of migration must take as its object not the ""problems"" that migrants pose for the advanced societies which attract them, in matters of employment, housing, schooling and health, but the dynamic ""relationship between the system of dispositions of emigrants and the ensemble of mechanisms to which they are subjected owing to this emigration"" (Sayad 1These books are respectively (in English titles): The Uprooting: The Crisis of Traditional Agriculture in Algeria (Bourdieu and Sayad 1964), Algerian Immigration in France (Gillette and Sayad 1976),","程式化的，固化的",""
"references","The common contraction of the emigration-immigration doublet to its second component mutilates the phenomenon and entraps the study of migrants into an artificial problematic of ""lack"" and deficiency explained away by ritualized references, now to their lower class composition and substandard conditions of living, now to the peculiarities of the culture they have brought with them.2Resisting such ethnocentric imposition, the sociology of migration must take as its object not the ""problems"" that migrants pose for the advanced societies which attract them, in matters of employment, housing, schooling and health, but the dynamic ""relationship between the system of dispositions of emigrants and the ensemble of mechanisms to which they are subjected owing to this emigration"" (Sayad 1These books are respectively (in English titles): The Uprooting: The Crisis of Traditional Agriculture in Algeria (Bourdieu and Sayad 1964), Algerian Immigration in France (Gillette and Sayad 1976),","表述，说辞",""
"lower","The common contraction of the emigration-immigration doublet to its second component mutilates the phenomenon and entraps the study of migrants into an artificial problematic of ""lack"" and deficiency explained away by ritualized references, now to their lower class composition and substandard conditions of living, now to the peculiarities of the culture they have brought with them.2Resisting such ethnocentric imposition, the sociology of migration must take as its object not the ""problems"" that migrants pose for the advanced societies which attract them, in matters of employment, housing, schooling and health, but the dynamic ""relationship between the system of dispositions of emigrants and the ensemble of mechanisms to which they are subjected owing to this emigration"" (Sayad 1These books are respectively (in English titles): The Uprooting: The Crisis of Traditional Agriculture in Algeria (Bourdieu and Sayad 1964), Algerian Immigration in France (Gillette and Sayad 1976),","底层的，低阶的",""
"composition","The common contraction of the emigration-immigration doublet to its second component mutilates the phenomenon and entraps the study of migrants into an artificial problematic of ""lack"" and deficiency explained away by ritualized references, now to their lower class composition and substandard conditions of living, now to the peculiarities of the culture they have brought with them.2Resisting such ethnocentric imposition, the sociology of migration must take as its object not the ""problems"" that migrants pose for the advanced societies which attract them, in matters of employment, housing, schooling and health, but the dynamic ""relationship between the system of dispositions of emigrants and the ensemble of mechanisms to which they are subjected owing to this emigration"" (Sayad 1These books are respectively (in English titles): The Uprooting: The Crisis of Traditional Agriculture in Algeria (Bourdieu and Sayad 1964), Algerian Immigration in France (Gillette and Sayad 1976),","构成，组成",""
"substandard","The common contraction of the emigration-immigration doublet to its second component mutilates the phenomenon and entraps the study of migrants into an artificial problematic of ""lack"" and deficiency explained away by ritualized references, now to their lower class composition and substandard conditions of living, now to the peculiarities of the culture they have brought with them.2Resisting such ethnocentric imposition, the sociology of migration must take as its object not the ""problems"" that migrants pose for the advanced societies which attract them, in matters of employment, housing, schooling and health, but the dynamic ""relationship between the system of dispositions of emigrants and the ensemble of mechanisms to which they are subjected owing to this emigration"" (Sayad 1These books are respectively (in English titles): The Uprooting: The Crisis of Traditional Agriculture in Algeria (Bourdieu and Sayad 1964), Algerian Immigration in France (Gillette and Sayad 1976),","不达标的，低劣的",""
"conditions","The common contraction of the emigration-immigration doublet to its second component mutilates the phenomenon and entraps the study of migrants into an artificial problematic of ""lack"" and deficiency explained away by ritualized references, now to their lower class composition and substandard conditions of living, now to the peculiarities of the culture they have brought with them.2Resisting such ethnocentric imposition, the sociology of migration must take as its object not the ""problems"" that migrants pose for the advanced societies which attract them, in matters of employment, housing, schooling and health, but the dynamic ""relationship between the system of dispositions of emigrants and the ensemble of mechanisms to which they are subjected owing to this emigration"" (Sayad 1These books are respectively (in English titles): The Uprooting: The Crisis of Traditional Agriculture in Algeria (Bourdieu and Sayad 1964), Algerian Immigration in France (Gillette and Sayad 1976),","生活条件",""
"living","The common contraction of the emigration-immigration doublet to its second component mutilates the phenomenon and entraps the study of migrants into an artificial problematic of ""lack"" and deficiency explained away by ritualized references, now to their lower class composition and substandard conditions of living, now to the peculiarities of the culture they have brought with them.2Resisting such ethnocentric imposition, the sociology of migration must take as its object not the ""problems"" that migrants pose for the advanced societies which attract them, in matters of employment, housing, schooling and health, but the dynamic ""relationship between the system of dispositions of emigrants and the ensemble of mechanisms to which they are subjected owing to this emigration"" (Sayad 1These books are respectively (in English titles): The Uprooting: The Crisis of Traditional Agriculture in Algeria (Bourdieu and Sayad 1964), Algerian Immigration in France (Gillette and Sayad 1976),","生活",""
"peculiarities","The common contraction of the emigration-immigration doublet to its second component mutilates the phenomenon and entraps the study of migrants into an artificial problematic of ""lack"" and deficiency explained away by ritualized references, now to their lower class composition and substandard conditions of living, now to the peculiarities of the culture they have brought with them.2Resisting such ethnocentric imposition, the sociology of migration must take as its object not the ""problems"" that migrants pose for the advanced societies which attract them, in matters of employment, housing, schooling and health, but the dynamic ""relationship between the system of dispositions of emigrants and the ensemble of mechanisms to which they are subjected owing to this emigration"" (Sayad 1These books are respectively (in English titles): The Uprooting: The Crisis of Traditional Agriculture in Algeria (Bourdieu and Sayad 1964), Algerian Immigration in France (Gillette and Sayad 1976),","独特特质",""
"brought","The common contraction of the emigration-immigration doublet to its second component mutilates the phenomenon and entraps the study of migrants into an artificial problematic of ""lack"" and deficiency explained away by ritualized references, now to their lower class composition and substandard conditions of living, now to the peculiarities of the culture they have brought with them.2Resisting such ethnocentric imposition, the sociology of migration must take as its object not the ""problems"" that migrants pose for the advanced societies which attract them, in matters of employment, housing, schooling and health, but the dynamic ""relationship between the system of dispositions of emigrants and the ensemble of mechanisms to which they are subjected owing to this emigration"" (Sayad 1These books are respectively (in English titles): The Uprooting: The Crisis of Traditional Agriculture in Algeria (Bourdieu and Sayad 1964), Algerian Immigration in France (Gillette and Sayad 1976),","带来",""
"resisting","The common contraction of the emigration-immigration doublet to its second component mutilates the phenomenon and entraps the study of migrants into an artificial problematic of ""lack"" and deficiency explained away by ritualized references, now to their lower class composition and substandard conditions of living, now to the peculiarities of the culture they have brought with them.2Resisting such ethnocentric imposition, the sociology of migration must take as its object not the ""problems"" that migrants pose for the advanced societies which attract them, in matters of employment, housing, schooling and health, but the dynamic ""relationship between the system of dispositions of emigrants and the ensemble of mechanisms to which they are subjected owing to this emigration"" (Sayad 1These books are respectively (in English titles): The Uprooting: The Crisis of Traditional Agriculture in Algeria (Bourdieu and Sayad 1964), Algerian Immigration in France (Gillette and Sayad 1976),","抵制，抗拒",""
"ethnocentric","The common contraction of the emigration-immigration doublet to its second component mutilates the phenomenon and entraps the study of migrants into an artificial problematic of ""lack"" and deficiency explained away by ritualized references, now to their lower class composition and substandard conditions of living, now to the peculiarities of the culture they have brought with them.2Resisting such ethnocentric imposition, the sociology of migration must take as its object not the ""problems"" that migrants pose for the advanced societies which attract them, in matters of employment, housing, schooling and health, but the dynamic ""relationship between the system of dispositions of emigrants and the ensemble of mechanisms to which they are subjected owing to this emigration"" (Sayad 1These books are respectively (in English titles): The Uprooting: The Crisis of Traditional Agriculture in Algeria (Bourdieu and Sayad 1964), Algerian Immigration in France (Gillette and Sayad 1976),","族中心主义的，种族中心主义的",""
"imposition","The common contraction of the emigration-immigration doublet to its second component mutilates the phenomenon and entraps the study of migrants into an artificial problematic of ""lack"" and deficiency explained away by ritualized references, now to their lower class composition and substandard conditions of living, now to the peculiarities of the culture they have brought with them.2Resisting such ethnocentric imposition, the sociology of migration must take as its object not the ""problems"" that migrants pose for the advanced societies which attract them, in matters of employment, housing, schooling and health, but the dynamic ""relationship between the system of dispositions of emigrants and the ensemble of mechanisms to which they are subjected owing to this emigration"" (Sayad 1These books are respectively (in English titles): The Uprooting: The Crisis of Traditional Agriculture in Algeria (Bourdieu and Sayad 1964), Algerian Immigration in France (Gillette and Sayad 1976),","强加，强制推行",""
"sociology","The common contraction of the emigration-immigration doublet to its second component mutilates the phenomenon and entraps the study of migrants into an artificial problematic of ""lack"" and deficiency explained away by ritualized references, now to their lower class composition and substandard conditions of living, now to the peculiarities of the culture they have brought with them.2Resisting such ethnocentric imposition, the sociology of migration must take as its object not the ""problems"" that migrants pose for the advanced societies which attract them, in matters of employment, housing, schooling and health, but the dynamic ""relationship between the system of dispositions of emigrants and the ensemble of mechanisms to which they are subjected owing to this emigration"" (Sayad 1These books are respectively (in English titles): The Uprooting: The Crisis of Traditional Agriculture in Algeria (Bourdieu and Sayad 1964), Algerian Immigration in France (Gillette and Sayad 1976),","社会学",""
"object","The common contraction of the emigration-immigration doublet to its second component mutilates the phenomenon and entraps the study of migrants into an artificial problematic of ""lack"" and deficiency explained away by ritualized references, now to their lower class composition and substandard conditions of living, now to the peculiarities of the culture they have brought with them.2Resisting such ethnocentric imposition, the sociology of migration must take as its object not the ""problems"" that migrants pose for the advanced societies which attract them, in matters of employment, housing, schooling and health, but the dynamic ""relationship between the system of dispositions of emigrants and the ensemble of mechanisms to which they are subjected owing to this emigration"" (Sayad 1These books are respectively (in English titles): The Uprooting: The Crisis of Traditional Agriculture in Algeria (Bourdieu and Sayad 1964), Algerian Immigration in France (Gillette and Sayad 1976),","研究对象",""
"migrants","The common contraction of the emigration-immigration doublet to its second component mutilates the phenomenon and entraps the study of migrants into an artificial problematic of ""lack"" and deficiency explained away by ritualized references, now to their lower class composition and substandard conditions of living, now to the peculiarities of the culture they have brought with them.2Resisting such ethnocentric imposition, the sociology of migration must take as its object not the ""problems"" that migrants pose for the advanced societies which attract them, in matters of employment, housing, schooling and health, but the dynamic ""relationship between the system of dispositions of emigrants and the ensemble of mechanisms to which they are subjected owing to this emigration"" (Sayad 1These books are respectively (in English titles): The Uprooting: The Crisis of Traditional Agriculture in Algeria (Bourdieu and Sayad 1964), Algerian Immigration in France (Gillette and Sayad 1976),","移民",""
"pose","The common contraction of the emigration-immigration doublet to its second component mutilates the phenomenon and entraps the study of migrants into an artificial problematic of ""lack"" and deficiency explained away by ritualized references, now to their lower class composition and substandard conditions of living, now to the peculiarities of the culture they have brought with them.2Resisting such ethnocentric imposition, the sociology of migration must take as its object not the ""problems"" that migrants pose for the advanced societies which attract them, in matters of employment, housing, schooling and health, but the dynamic ""relationship between the system of dispositions of emigrants and the ensemble of mechanisms to which they are subjected owing to this emigration"" (Sayad 1These books are respectively (in English titles): The Uprooting: The Crisis of Traditional Agriculture in Algeria (Bourdieu and Sayad 1964), Algerian Immigration in France (Gillette and Sayad 1976),","造成，带来",""
"advanced","The common contraction of the emigration-immigration doublet to its second component mutilates the phenomenon and entraps the study of migrants into an artificial problematic of ""lack"" and deficiency explained away by ritualized references, now to their lower class composition and substandard conditions of living, now to the peculiarities of the culture they have brought with them.2Resisting such ethnocentric imposition, the sociology of migration must take as its object not the ""problems"" that migrants pose for the advanced societies which attract them, in matters of employment, housing, schooling and health, but the dynamic ""relationship between the system of dispositions of emigrants and the ensemble of mechanisms to which they are subjected owing to this emigration"" (Sayad 1These books are respectively (in English titles): The Uprooting: The Crisis of Traditional Agriculture in Algeria (Bourdieu and Sayad 1964), Algerian Immigration in France (Gillette and Sayad 1976),","发达的，先进的",""
"attract","The common contraction of the emigration-immigration doublet to its second component mutilates the phenomenon and entraps the study of migrants into an artificial problematic of ""lack"" and deficiency explained away by ritualized references, now to their lower class composition and substandard conditions of living, now to the peculiarities of the culture they have brought with them.2Resisting such ethnocentric imposition, the sociology of migration must take as its object not the ""problems"" that migrants pose for the advanced societies which attract them, in matters of employment, housing, schooling and health, but the dynamic ""relationship between the system of dispositions of emigrants and the ensemble of mechanisms to which they are subjected owing to this emigration"" (Sayad 1These books are respectively (in English titles): The Uprooting: The Crisis of Traditional Agriculture in Algeria (Bourdieu and Sayad 1964), Algerian Immigration in France (Gillette and Sayad 1976),","吸引，接纳",""
"matters","The common contraction of the emigration-immigration doublet to its second component mutilates the phenomenon and entraps the study of migrants into an artificial problematic of ""lack"" and deficiency explained away by ritualized references, now to their lower class composition and substandard conditions of living, now to the peculiarities of the culture they have brought with them.2Resisting such ethnocentric imposition, the sociology of migration must take as its object not the ""problems"" that migrants pose for the advanced societies which attract them, in matters of employment, housing, schooling and health, but the dynamic ""relationship between the system of dispositions of emigrants and the ensemble of mechanisms to which they are subjected owing to this emigration"" (Sayad 1These books are respectively (in English titles): The Uprooting: The Crisis of Traditional Agriculture in Algeria (Bourdieu and Sayad 1964), Algerian Immigration in France (Gillette and Sayad 1976),","方面，事务",""
"employment","The common contraction of the emigration-immigration doublet to its second component mutilates the phenomenon and entraps the study of migrants into an artificial problematic of ""lack"" and deficiency explained away by ritualized references, now to their lower class composition and substandard conditions of living, now to the peculiarities of the culture they have brought with them.2Resisting such ethnocentric imposition, the sociology of migration must take as its object not the ""problems"" that migrants pose for the advanced societies which attract them, in matters of employment, housing, schooling and health, but the dynamic ""relationship between the system of dispositions of emigrants and the ensemble of mechanisms to which they are subjected owing to this emigration"" (Sayad 1These books are respectively (in English titles): The Uprooting: The Crisis of Traditional Agriculture in Algeria (Bourdieu and Sayad 1964), Algerian Immigration in France (Gillette and Sayad 1976),","就业",""
"housing","The common contraction of the emigration-immigration doublet to its second component mutilates the phenomenon and entraps the study of migrants into an artificial problematic of ""lack"" and deficiency explained away by ritualized references, now to their lower class composition and substandard conditions of living, now to the peculiarities of the culture they have brought with them.2Resisting such ethnocentric imposition, the sociology of migration must take as its object not the ""problems"" that migrants pose for the advanced societies which attract them, in matters of employment, housing, schooling and health, but the dynamic ""relationship between the system of dispositions of emigrants and the ensemble of mechanisms to which they are subjected owing to this emigration"" (Sayad 1These books are respectively (in English titles): The Uprooting: The Crisis of Traditional Agriculture in Algeria (Bourdieu and Sayad 1964), Algerian Immigration in France (Gillette and Sayad 1976),","住房",""
"schooling","The common contraction of the emigration-immigration doublet to its second component mutilates the phenomenon and entraps the study of migrants into an artificial problematic of ""lack"" and deficiency explained away by ritualized references, now to their lower class composition and substandard conditions of living, now to the peculiarities of the culture they have brought with them.2Resisting such ethnocentric imposition, the sociology of migration must take as its object not the ""problems"" that migrants pose for the advanced societies which attract them, in matters of employment, housing, schooling and health, but the dynamic ""relationship between the system of dispositions of emigrants and the ensemble of mechanisms to which they are subjected owing to this emigration"" (Sayad 1These books are respectively (in English titles): The Uprooting: The Crisis of Traditional Agriculture in Algeria (Bourdieu and Sayad 1964), Algerian Immigration in France (Gillette and Sayad 1976),","学校教育",""
"dynamic","The common contraction of the emigration-immigration doublet to its second component mutilates the phenomenon and entraps the study of migrants into an artificial problematic of ""lack"" and deficiency explained away by ritualized references, now to their lower class composition and substandard conditions of living, now to the peculiarities of the culture they have brought with them.2Resisting such ethnocentric imposition, the sociology of migration must take as its object not the ""problems"" that migrants pose for the advanced societies which attract them, in matters of employment, housing, schooling and health, but the dynamic ""relationship between the system of dispositions of emigrants and the ensemble of mechanisms to which they are subjected owing to this emigration"" (Sayad 1These books are respectively (in English titles): The Uprooting: The Crisis of Traditional Agriculture in Algeria (Bourdieu and Sayad 1964), Algerian Immigration in France (Gillette and Sayad 1976),","动态的，动态性的",""
"""relationship""","The common contraction of the emigration-immigration doublet to its second component mutilates the phenomenon and entraps the study of migrants into an artificial problematic of ""lack"" and deficiency explained away by ritualized references, now to their lower class composition and substandard conditions of living, now to the peculiarities of the culture they have brought with them.2Resisting such ethnocentric imposition, the sociology of migration must take as its object not the ""problems"" that migrants pose for the advanced societies which attract them, in matters of employment, housing, schooling and health, but the dynamic ""relationship between the system of dispositions of emigrants and the ensemble of mechanisms to which they are subjected owing to this emigration"" (Sayad 1These books are respectively (in English titles): The Uprooting: The Crisis of Traditional Agriculture in Algeria (Bourdieu and Sayad 1964), Algerian Immigration in France (Gillette and Sayad 1976),","""关系""(文中特定术语)",""
"system","The common contraction of the emigration-immigration doublet to its second component mutilates the phenomenon and entraps the study of migrants into an artificial problematic of ""lack"" and deficiency explained away by ritualized references, now to their lower class composition and substandard conditions of living, now to the peculiarities of the culture they have brought with them.2Resisting such ethnocentric imposition, the sociology of migration must take as its object not the ""problems"" that migrants pose for the advanced societies which attract them, in matters of employment, housing, schooling and health, but the dynamic ""relationship between the system of dispositions of emigrants and the ensemble of mechanisms to which they are subjected owing to this emigration"" (Sayad 1These books are respectively (in English titles): The Uprooting: The Crisis of Traditional Agriculture in Algeria (Bourdieu and Sayad 1964), Algerian Immigration in France (Gillette and Sayad 1976),","系统，体系",""
"dispositions","The common contraction of the emigration-immigration doublet to its second component mutilates the phenomenon and entraps the study of migrants into an artificial problematic of ""lack"" and deficiency explained away by ritualized references, now to their lower class composition and substandard conditions of living, now to the peculiarities of the culture they have brought with them.2Resisting such ethnocentric imposition, the sociology of migration must take as its object not the ""problems"" that migrants pose for the advanced societies which attract them, in matters of employment, housing, schooling and health, but the dynamic ""relationship between the system of dispositions of emigrants and the ensemble of mechanisms to which they are subjected owing to this emigration"" (Sayad 1These books are respectively (in English titles): The Uprooting: The Crisis of Traditional Agriculture in Algeria (Bourdieu and Sayad 1964), Algerian Immigration in France (Gillette and Sayad 1976),","性情倾向(社会学理论术语)",""
"emigrants","The common contraction of the emigration-immigration doublet to its second component mutilates the phenomenon and entraps the study of migrants into an artificial problematic of ""lack"" and deficiency explained away by ritualized references, now to their lower class composition and substandard conditions of living, now to the peculiarities of the culture they have brought with them.2Resisting such ethnocentric imposition, the sociology of migration must take as its object not the ""problems"" that migrants pose for the advanced societies which attract them, in matters of employment, housing, schooling and health, but the dynamic ""relationship between the system of dispositions of emigrants and the ensemble of mechanisms to which they are subjected owing to this emigration"" (Sayad 1These books are respectively (in English titles): The Uprooting: The Crisis of Traditional Agriculture in Algeria (Bourdieu and Sayad 1964), Algerian Immigration in France (Gillette and Sayad 1976),","出境移民",""
"ensemble","The common contraction of the emigration-immigration doublet to its second component mutilates the phenomenon and entraps the study of migrants into an artificial problematic of ""lack"" and deficiency explained away by ritualized references, now to their lower class composition and substandard conditions of living, now to the peculiarities of the culture they have brought with them.2Resisting such ethnocentric imposition, the sociology of migration must take as its object not the ""problems"" that migrants pose for the advanced societies which attract them, in matters of employment, housing, schooling and health, but the dynamic ""relationship between the system of dispositions of emigrants and the ensemble of mechanisms to which they are subjected owing to this emigration"" (Sayad 1These books are respectively (in English titles): The Uprooting: The Crisis of Traditional Agriculture in Algeria (Bourdieu and Sayad 1964), Algerian Immigration in France (Gillette and Sayad 1976),","整体，集合",""
"mechanisms","The common contraction of the emigration-immigration doublet to its second component mutilates the phenomenon and entraps the study of migrants into an artificial problematic of ""lack"" and deficiency explained away by ritualized references, now to their lower class composition and substandard conditions of living, now to the peculiarities of the culture they have brought with them.2Resisting such ethnocentric imposition, the sociology of migration must take as its object not the ""problems"" that migrants pose for the advanced societies which attract them, in matters of employment, housing, schooling and health, but the dynamic ""relationship between the system of dispositions of emigrants and the ensemble of mechanisms to which they are subjected owing to this emigration"" (Sayad 1These books are respectively (in English titles): The Uprooting: The Crisis of Traditional Agriculture in Algeria (Bourdieu and Sayad 1964), Algerian Immigration in France (Gillette and Sayad 1976),","机制",""
"subjected","The common contraction of the emigration-immigration doublet to its second component mutilates the phenomenon and entraps the study of migrants into an artificial problematic of ""lack"" and deficiency explained away by ritualized references, now to their lower class composition and substandard conditions of living, now to the peculiarities of the culture they have brought with them.2Resisting such ethnocentric imposition, the sociology of migration must take as its object not the ""problems"" that migrants pose for the advanced societies which attract them, in matters of employment, housing, schooling and health, but the dynamic ""relationship between the system of dispositions of emigrants and the ensemble of mechanisms to which they are subjected owing to this emigration"" (Sayad 1These books are respectively (in English titles): The Uprooting: The Crisis of Traditional Agriculture in Algeria (Bourdieu and Sayad 1964), Algerian Immigration in France (Gillette and Sayad 1976),","遭受，受制于",""
"owing","The common contraction of the emigration-immigration doublet to its second component mutilates the phenomenon and entraps the study of migrants into an artificial problematic of ""lack"" and deficiency explained away by ritualized references, now to their lower class composition and substandard conditions of living, now to the peculiarities of the culture they have brought with them.2Resisting such ethnocentric imposition, the sociology of migration must take as its object not the ""problems"" that migrants pose for the advanced societies which attract them, in matters of employment, housing, schooling and health, but the dynamic ""relationship between the system of dispositions of emigrants and the ensemble of mechanisms to which they are subjected owing to this emigration"" (Sayad 1These books are respectively (in English titles): The Uprooting: The Crisis of Traditional Agriculture in Algeria (Bourdieu and Sayad 1964), Algerian Immigration in France (Gillette and Sayad 1976),","由于，因为",""
"emigration","The common contraction of the emigration-immigration doublet to its second component mutilates the phenomenon and entraps the study of migrants into an artificial problematic of ""lack"" and deficiency explained away by ritualized references, now to their lower class composition and substandard conditions of living, now to the peculiarities of the culture they have brought with them.2Resisting such ethnocentric imposition, the sociology of migration must take as its object not the ""problems"" that migrants pose for the advanced societies which attract them, in matters of employment, housing, schooling and health, but the dynamic ""relationship between the system of dispositions of emigrants and the ensemble of mechanisms to which they are subjected owing to this emigration"" (Sayad 1These books are respectively (in English titles): The Uprooting: The Crisis of Traditional Agriculture in Algeria (Bourdieu and Sayad 1964), Algerian Immigration in France (Gillette and Sayad 1976),","出境移民(行为)",""
"sayad","The common contraction of the emigration-immigration doublet to its second component mutilates the phenomenon and entraps the study of migrants into an artificial problematic of ""lack"" and deficiency explained away by ritualized references, now to their lower class composition and substandard conditions of living, now to the peculiarities of the culture they have brought with them.2Resisting such ethnocentric imposition, the sociology of migration must take as its object not the ""problems"" that migrants pose for the advanced societies which attract them, in matters of employment, housing, schooling and health, but the dynamic ""relationship between the system of dispositions of emigrants and the ensemble of mechanisms to which they are subjected owing to this emigration"" (Sayad 1These books are respectively (in English titles): The Uprooting: The Crisis of Traditional Agriculture in Algeria (Bourdieu and Sayad 1964), Algerian Immigration in France (Gillette and Sayad 1976),","萨亚德(法国社会学家阿卜杜勒马莱克·萨亚德)",""
"respectively","The common contraction of the emigration-immigration doublet to its second component mutilates the phenomenon and entraps the study of migrants into an artificial problematic of ""lack"" and deficiency explained away by ritualized references, now to their lower class composition and substandard conditions of living, now to the peculiarities of the culture they have brought with them.2Resisting such ethnocentric imposition, the sociology of migration must take as its object not the ""problems"" that migrants pose for the advanced societies which attract them, in matters of employment, housing, schooling and health, but the dynamic ""relationship between the system of dispositions of emigrants and the ensemble of mechanisms to which they are subjected owing to this emigration"" (Sayad 1These books are respectively (in English titles): The Uprooting: The Crisis of Traditional Agriculture in Algeria (Bourdieu and Sayad 1964), Algerian Immigration in France (Gillette and Sayad 1976),","分别地，依次地",""
"titles","The common contraction of the emigration-immigration doublet to its second component mutilates the phenomenon and entraps the study of migrants into an artificial problematic of ""lack"" and deficiency explained away by ritualized references, now to their lower class composition and substandard conditions of living, now to the peculiarities of the culture they have brought with them.2Resisting such ethnocentric imposition, the sociology of migration must take as its object not the ""problems"" that migrants pose for the advanced societies which attract them, in matters of employment, housing, schooling and health, but the dynamic ""relationship between the system of dispositions of emigrants and the ensemble of mechanisms to which they are subjected owing to this emigration"" (Sayad 1These books are respectively (in English titles): The Uprooting: The Crisis of Traditional Agriculture in Algeria (Bourdieu and Sayad 1964), Algerian Immigration in France (Gillette and Sayad 1976),","书名",""
"uprooting","The common contraction of the emigration-immigration doublet to its second component mutilates the phenomenon and entraps the study of migrants into an artificial problematic of ""lack"" and deficiency explained away by ritualized references, now to their lower class composition and substandard conditions of living, now to the peculiarities of the culture they have brought with them.2Resisting such ethnocentric imposition, the sociology of migration must take as its object not the ""problems"" that migrants pose for the advanced societies which attract them, in matters of employment, housing, schooling and health, but the dynamic ""relationship between the system of dispositions of emigrants and the ensemble of mechanisms to which they are subjected owing to this emigration"" (Sayad 1These books are respectively (in English titles): The Uprooting: The Crisis of Traditional Agriculture in Algeria (Bourdieu and Sayad 1964), Algerian Immigration in France (Gillette and Sayad 1976),","《连根拔起》(学术著作名)",""
"crisis","The common contraction of the emigration-immigration doublet to its second component mutilates the phenomenon and entraps the study of migrants into an artificial problematic of ""lack"" and deficiency explained away by ritualized references, now to their lower class composition and substandard conditions of living, now to the peculiarities of the culture they have brought with them.2Resisting such ethnocentric imposition, the sociology of migration must take as its object not the ""problems"" that migrants pose for the advanced societies which attract them, in matters of employment, housing, schooling and health, but the dynamic ""relationship between the system of dispositions of emigrants and the ensemble of mechanisms to which they are subjected owing to this emigration"" (Sayad 1These books are respectively (in English titles): The Uprooting: The Crisis of Traditional Agriculture in Algeria (Bourdieu and Sayad 1964), Algerian Immigration in France (Gillette and Sayad 1976),","危机",""
"agriculture","The common contraction of the emigration-immigration doublet to its second component mutilates the phenomenon and entraps the study of migrants into an artificial problematic of ""lack"" and deficiency explained away by ritualized references, now to their lower class composition and substandard conditions of living, now to the peculiarities of the culture they have brought with them.2Resisting such ethnocentric imposition, the sociology of migration must take as its object not the ""problems"" that migrants pose for the advanced societies which attract them, in matters of employment, housing, schooling and health, but the dynamic ""relationship between the system of dispositions of emigrants and the ensemble of mechanisms to which they are subjected owing to this emigration"" (Sayad 1These books are respectively (in English titles): The Uprooting: The Crisis of Traditional Agriculture in Algeria (Bourdieu and Sayad 1964), Algerian Immigration in France (Gillette and Sayad 1976),","农业",""
"algeria","The common contraction of the emigration-immigration doublet to its second component mutilates the phenomenon and entraps the study of migrants into an artificial problematic of ""lack"" and deficiency explained away by ritualized references, now to their lower class composition and substandard conditions of living, now to the peculiarities of the culture they have brought with them.2Resisting such ethnocentric imposition, the sociology of migration must take as its object not the ""problems"" that migrants pose for the advanced societies which attract them, in matters of employment, housing, schooling and health, but the dynamic ""relationship between the system of dispositions of emigrants and the ensemble of mechanisms to which they are subjected owing to this emigration"" (Sayad 1These books are respectively (in English titles): The Uprooting: The Crisis of Traditional Agriculture in Algeria (Bourdieu and Sayad 1964), Algerian Immigration in France (Gillette and Sayad 1976),","阿尔及利亚(北非国家)",""
"bourdieu","The common contraction of the emigration-immigration doublet to its second component mutilates the phenomenon and entraps the study of migrants into an artificial problematic of ""lack"" and deficiency explained away by ritualized references, now to their lower class composition and substandard conditions of living, now to the peculiarities of the culture they have brought with them.2Resisting such ethnocentric imposition, the sociology of migration must take as its object not the ""problems"" that migrants pose for the advanced societies which attract them, in matters of employment, housing, schooling and health, but the dynamic ""relationship between the system of dispositions of emigrants and the ensemble of mechanisms to which they are subjected owing to this emigration"" (Sayad 1These books are respectively (in English titles): The Uprooting: The Crisis of Traditional Agriculture in Algeria (Bourdieu and Sayad 1964), Algerian Immigration in France (Gillette and Sayad 1976),","布迪厄(法国社会学家皮埃尔·布迪厄)",""
"sayad","The common contraction of the emigration-immigration doublet to its second component mutilates the phenomenon and entraps the study of migrants into an artificial problematic of ""lack"" and deficiency explained away by ritualized references, now to their lower class composition and substandard conditions of living, now to the peculiarities of the culture they have brought with them.2Resisting such ethnocentric imposition, the sociology of migration must take as its object not the ""problems"" that migrants pose for the advanced societies which attract them, in matters of employment, housing, schooling and health, but the dynamic ""relationship between the system of dispositions of emigrants and the ensemble of mechanisms to which they are subjected owing to this emigration"" (Sayad 1These books are respectively (in English titles): The Uprooting: The Crisis of Traditional Agriculture in Algeria (Bourdieu and Sayad 1964), Algerian Immigration in France (Gillette and Sayad 1976),","萨亚德(法国社会学家)",""
"algerian","The common contraction of the emigration-immigration doublet to its second component mutilates the phenomenon and entraps the study of migrants into an artificial problematic of ""lack"" and deficiency explained away by ritualized references, now to their lower class composition and substandard conditions of living, now to the peculiarities of the culture they have brought with them.2Resisting such ethnocentric imposition, the sociology of migration must take as its object not the ""problems"" that migrants pose for the advanced societies which attract them, in matters of employment, housing, schooling and health, but the dynamic ""relationship between the system of dispositions of emigrants and the ensemble of mechanisms to which they are subjected owing to this emigration"" (Sayad 1These books are respectively (in English titles): The Uprooting: The Crisis of Traditional Agriculture in Algeria (Bourdieu and Sayad 1964), Algerian Immigration in France (Gillette and Sayad 1976),","阿尔及利亚的",""
"france","The common contraction of the emigration-immigration doublet to its second component mutilates the phenomenon and entraps the study of migrants into an artificial problematic of ""lack"" and deficiency explained away by ritualized references, now to their lower class composition and substandard conditions of living, now to the peculiarities of the culture they have brought with them.2Resisting such ethnocentric imposition, the sociology of migration must take as its object not the ""problems"" that migrants pose for the advanced societies which attract them, in matters of employment, housing, schooling and health, but the dynamic ""relationship between the system of dispositions of emigrants and the ensemble of mechanisms to which they are subjected owing to this emigration"" (Sayad 1These books are respectively (in English titles): The Uprooting: The Crisis of Traditional Agriculture in Algeria (Bourdieu and Sayad 1964), Algerian Immigration in France (Gillette and Sayad 1976),","法国(欧洲国家)",""
"gillette","The common contraction of the emigration-immigration doublet to its second component mutilates the phenomenon and entraps the study of migrants into an artificial problematic of ""lack"" and deficiency explained away by ritualized references, now to their lower class composition and substandard conditions of living, now to the peculiarities of the culture they have brought with them.2Resisting such ethnocentric imposition, the sociology of migration must take as its object not the ""problems"" that migrants pose for the advanced societies which attract them, in matters of employment, housing, schooling and health, but the dynamic ""relationship between the system of dispositions of emigrants and the ensemble of mechanisms to which they are subjected owing to this emigration"" (Sayad 1These books are respectively (in English titles): The Uprooting: The Crisis of Traditional Agriculture in Algeria (Bourdieu and Sayad 1964), Algerian Immigration in France (Gillette and Sayad 1976),","吉莱特(学者名)",""
"the","The culmination and quintessence of Sayad's five decades of incessant research is Double Absence: From the Illusions of the Emigrant to the Suffering of the Immigrant (Sayad 1999)","定冠词",""
"culmination","The culmination and quintessence of Sayad's five decades of incessant research is Double Absence: From the Illusions of the Emigrant to the Suffering of the Immigrant (Sayad 1999)","（研究成果的）巅峰",""
"quintessence","The culmination and quintessence of Sayad's five decades of incessant research is Double Absence: From the Illusions of the Emigrant to the Suffering of the Immigrant (Sayad 1999)","（研究成果的）精髓",""
"sayad's","The culmination and quintessence of Sayad's five decades of incessant research is Double Absence: From the Illusions of the Emigrant to the Suffering of the Immigrant (Sayad 1999)","萨亚德的",""
"decades","The culmination and quintessence of Sayad's five decades of incessant research is Double Absence: From the Illusions of the Emigrant to the Suffering of the Immigrant (Sayad 1999)","十年（此处指五十年）",""
"incessant","The culmination and quintessence of Sayad's five decades of incessant research is Double Absence: From the Illusions of the Emigrant to the Suffering of the Immigrant (Sayad 1999)","持续不断的",""
"research","The culmination and quintessence of Sayad's five decades of incessant research is Double Absence: From the Illusions of the Emigrant to the Suffering of the Immigrant (Sayad 1999)","研究",""
"double","The culmination and quintessence of Sayad's five decades of incessant research is Double Absence: From the Illusions of the Emigrant to the Suffering of the Immigrant (Sayad 1999)","双重",""
"absence","The culmination and quintessence of Sayad's five decades of incessant research is Double Absence: From the Illusions of the Emigrant to the Suffering of the Immigrant (Sayad 1999)","缺席",""
"from","The culmination and quintessence of Sayad's five decades of incessant research is Double Absence: From the Illusions of the Emigrant to the Suffering of the Immigrant (Sayad 1999)","来自，从",""
"illusions","The culmination and quintessence of Sayad's five decades of incessant research is Double Absence: From the Illusions of the Emigrant to the Suffering of the Immigrant (Sayad 1999)","幻象",""
"emigrant","The culmination and quintessence of Sayad's five decades of incessant research is Double Absence: From the Illusions of the Emigrant to the Suffering of the Immigrant (Sayad 1999)","移居外国者",""
"suffering","The culmination and quintessence of Sayad's five decades of incessant research is Double Absence: From the Illusions of the Emigrant to the Suffering of the Immigrant (Sayad 1999)","苦难",""
"immigrant","The culmination and quintessence of Sayad's five decades of incessant research is Double Absence: From the Illusions of the Emigrant to the Suffering of the Immigrant (Sayad 1999)","移民，侨民",""
"sayad","The culmination and quintessence of Sayad's five decades of incessant research is Double Absence: From the Illusions of the Emigrant to the Suffering of the Immigrant (Sayad 1999)","萨亚德（人名）",""
"1999","The culmination and quintessence of Sayad's five decades of incessant research is Double Absence: From the Illusions of the Emigrant to the Suffering of the Immigrant (Sayad 1999)","1999年",""
"2a","2A rare and remarkable exception to this pattern, deserving of a wide readership for its multi-level, comparative, and interdisciplinary approach, is Massey, Durand and Alarcon (1987)","2A（此处为标识或章节编号）",""
"rare","2A rare and remarkable exception to this pattern, deserving of a wide readership for its multi-level, comparative, and interdisciplinary approach, is Massey, Durand and Alarcon (1987)","罕见的，此处指该研究案例罕见",""
"remarkable","2A rare and remarkable exception to this pattern, deserving of a wide readership for its multi-level, comparative, and interdisciplinary approach, is Massey, Durand and Alarcon (1987)","值得注意的，此处指该例外值得关注",""
"exception","2A rare and remarkable exception to this pattern, deserving of a wide readership for its multi-level, comparative, and interdisciplinary approach, is Massey, Durand and Alarcon (1987)","例外，此处指符合既定研究模式之外的案例",""
"pattern","2A rare and remarkable exception to this pattern, deserving of a wide readership for its multi-level, comparative, and interdisciplinary approach, is Massey, Durand and Alarcon (1987)","模式，此处指既定的研究范式",""
"deserving","2A rare and remarkable exception to this pattern, deserving of a wide readership for its multi-level, comparative, and interdisciplinary approach, is Massey, Durand and Alarcon (1987)","值得的，此处指该著作值得拥有广泛读者",""
"wide","2A rare and remarkable exception to this pattern, deserving of a wide readership for its multi-level, comparative, and interdisciplinary approach, is Massey, Durand and Alarcon (1987)","广泛的，此处指读者覆盖范围广",""
"readership","2A rare and remarkable exception to this pattern, deserving of a wide readership for its multi-level, comparative, and interdisciplinary approach, is Massey, Durand and Alarcon (1987)","读者群体，此处指该著作的受众",""
"multi-level","2A rare and remarkable exception to this pattern, deserving of a wide readership for its multi-level, comparative, and interdisciplinary approach, is Massey, Durand and Alarcon (1987)","多层次的，此处指研究方法的多维度",""
"comparative","2A rare and remarkable exception to this pattern, deserving of a wide readership for its multi-level, comparative, and interdisciplinary approach, is Massey, Durand and Alarcon (1987)","比较性的，此处指采用比较研究的",""
"interdisciplinary","2A rare and remarkable exception to this pattern, deserving of a wide readership for its multi-level, comparative, and interdisciplinary approach, is Massey, Durand and Alarcon (1987)","跨学科的，此处指跨多学科的研究方法",""
"approach","2A rare and remarkable exception to this pattern, deserving of a wide readership for its multi-level, comparative, and interdisciplinary approach, is Massey, Durand and Alarcon (1987)","方法，此处指学术研究方法",""
"massey","2A rare and remarkable exception to this pattern, deserving of a wide readership for its multi-level, comparative, and interdisciplinary approach, is Massey, Durand and Alarcon (1987)","梅西（学者姓氏）",""
"durand","2A rare and remarkable exception to this pattern, deserving of a wide readership for its multi-level, comparative, and interdisciplinary approach, is Massey, Durand and Alarcon (1987)","杜兰德（学者姓氏）",""
"alarcon","2A rare and remarkable exception to this pattern, deserving of a wide readership for its multi-level, comparative, and interdisciplinary approach, is Massey, Durand and Alarcon (1987)","阿拉尔孔（学者姓氏）",""
"1987","2A rare and remarkable exception to this pattern, deserving of a wide readership for its multi-level, comparative, and interdisciplinary approach, is Massey, Durand and Alarcon (1987)","1987年，指该学术著作的出版年份",""
"recent","Recent work on ""transnational communities"" has fostered a belated if limited recognition of the double-sidedness and dual determinacy of migration (see the special issue of Ethnic and Racial Studies on the topic edited by Portes, Guarnizo and Landolt 1999, and Portes 1999)","最近的，近来的",""
"transnational","Recent work on ""transnational communities"" has fostered a belated if limited recognition of the double-sidedness and dual determinacy of migration (see the special issue of Ethnic and Racial Studies on the topic edited by Portes, Guarnizo and Landolt 1999, and Portes 1999)","跨国的，跨越国界的（此处指跨国社区）",""
"fostered","Recent work on ""transnational communities"" has fostered a belated if limited recognition of the double-sidedness and dual determinacy of migration (see the special issue of Ethnic and Racial Studies on the topic edited by Portes, Guarnizo and Landolt 1999, and Portes 1999)","促成，催生（此处指研究催生了学界认知）",""
"belated","Recent work on ""transnational communities"" has fostered a belated if limited recognition of the double-sidedness and dual determinacy of migration (see the special issue of Ethnic and Racial Studies on the topic edited by Portes, Guarnizo and Landolt 1999, and Portes 1999)","姗姗来迟的，迟来的",""
"limited","Recent work on ""transnational communities"" has fostered a belated if limited recognition of the double-sidedness and dual determinacy of migration (see the special issue of Ethnic and Racial Studies on the topic edited by Portes, Guarnizo and Landolt 1999, and Portes 1999)","有限的",""
"recognition","Recent work on ""transnational communities"" has fostered a belated if limited recognition of the double-sidedness and dual determinacy of migration (see the special issue of Ethnic and Racial Studies on the topic edited by Portes, Guarnizo and Landolt 1999, and Portes 1999)","认知，认可（此处指学界对移民问题的认知）",""
"double-sidedness","Recent work on ""transnational communities"" has fostered a belated if limited recognition of the double-sidedness and dual determinacy of migration (see the special issue of Ethnic and Racial Studies on the topic edited by Portes, Guarnizo and Landolt 1999, and Portes 1999)","双面性，双重属性（此处指移民的双面性）",""
"dual","Recent work on ""transnational communities"" has fostered a belated if limited recognition of the double-sidedness and dual determinacy of migration (see the special issue of Ethnic and Racial Studies on the topic edited by Portes, Guarnizo and Landolt 1999, and Portes 1999)","双重的",""
"determinacy","Recent work on ""transnational communities"" has fostered a belated if limited recognition of the double-sidedness and dual determinacy of migration (see the special issue of Ethnic and Racial Studies on the topic edited by Portes, Guarnizo and Landolt 1999, and Portes 1999)","决定性（此处指移民的双重决定性）",""
"special","Recent work on ""transnational communities"" has fostered a belated if limited recognition of the double-sidedness and dual determinacy of migration (see the special issue of Ethnic and Racial Studies on the topic edited by Portes, Guarnizo and Landolt 1999, and Portes 1999)","专题的，特刊的（此处指期刊专题特刊）",""
"issue","Recent work on ""transnational communities"" has fostered a belated if limited recognition of the double-sidedness and dual determinacy of migration (see the special issue of Ethnic and Racial Studies on the topic edited by Portes, Guarnizo and Landolt 1999, and Portes 1999)","（学术期刊的）特刊、期号",""
"ethnic","Recent work on ""transnational communities"" has fostered a belated if limited recognition of the double-sidedness and dual determinacy of migration (see the special issue of Ethnic and Racial Studies on the topic edited by Portes, Guarnizo and Landolt 1999, and Portes 1999)","族群的，种族的（此处为期刊名《种族与种族研究》的一部分）",""
"racial","Recent work on ""transnational communities"" has fostered a belated if limited recognition of the double-sidedness and dual determinacy of migration (see the special issue of Ethnic and Racial Studies on the topic edited by Portes, Guarnizo and Landolt 1999, and Portes 1999)","种族的（此处为期刊名《种族与种族研究》的一部分）",""
"studies","Recent work on ""transnational communities"" has fostered a belated if limited recognition of the double-sidedness and dual determinacy of migration (see the special issue of Ethnic and Racial Studies on the topic edited by Portes, Guarnizo and Landolt 1999, and Portes 1999)","研究（此处指学术期刊《种族与种族研究》）",""
"topic","Recent work on ""transnational communities"" has fostered a belated if limited recognition of the double-sidedness and dual determinacy of migration (see the special issue of Ethnic and Racial Studies on the topic edited by Portes, Guarnizo and Landolt 1999, and Portes 1999)","主题，话题（此处指移民研究主题）",""
"edited","Recent work on ""transnational communities"" has fostered a belated if limited recognition of the double-sidedness and dual determinacy of migration (see the special issue of Ethnic and Racial Studies on the topic edited by Portes, Guarnizo and Landolt 1999, and Portes 1999)","编辑（此处指期刊特刊的编纂工作）",""
"portes","Recent work on ""transnational communities"" has fostered a belated if limited recognition of the double-sidedness and dual determinacy of migration (see the special issue of Ethnic and Racial Studies on the topic edited by Portes, Guarnizo and Landolt 1999, and Portes 1999)","波特斯（美国社会学家阿明·波特斯）",""
"guarnizo","Recent work on ""transnational communities"" has fostered a belated if limited recognition of the double-sidedness and dual determinacy of migration (see the special issue of Ethnic and Racial Studies on the topic edited by Portes, Guarnizo and Landolt 1999, and Portes 1999)","瓜尼佐（社会学家）",""
"landolt","Recent work on ""transnational communities"" has fostered a belated if limited recognition of the double-sidedness and dual determinacy of migration (see the special issue of Ethnic and Racial Studies on the topic edited by Portes, Guarnizo and Landolt 1999, and Portes 1999)","兰多尔特（社会学家）",""
"1999","Recent work on ""transnational communities"" has fostered a belated if limited recognition of the double-sidedness and dual determinacy of migration (see the special issue of Ethnic and Racial Studies on the topic edited by Portes, Guarnizo and Landolt 1999, and Portes 1999)","1999年",""
"which","Which necessitates that one reconstitutes the complete trajectory of the individuals, households and groups involved in the peregrination under examination, in order to uncover the full system of determinants that first triggered exile and later continued, under new guises, to govern the differentiated paths they followed","这一情况（指代前文所述内容）",""
"necessitates","Which necessitates that one reconstitutes the complete trajectory of the individuals, households and groups involved in the peregrination under examination, in order to uncover the full system of determinants that first triggered exile and later continued, under new guises, to govern the differentiated paths they followed","使…成为必要，要求",""
"reconstitutes","Which necessitates that one reconstitutes the complete trajectory of the individuals, households and groups involved in the peregrination under examination, in order to uncover the full system of determinants that first triggered exile and later continued, under new guises, to govern the differentiated paths they followed","重构，还原",""
"complete","Which necessitates that one reconstitutes the complete trajectory of the individuals, households and groups involved in the peregrination under examination, in order to uncover the full system of determinants that first triggered exile and later continued, under new guises, to govern the differentiated paths they followed","完整的",""
"trajectory","Which necessitates that one reconstitutes the complete trajectory of the individuals, households and groups involved in the peregrination under examination, in order to uncover the full system of determinants that first triggered exile and later continued, under new guises, to govern the differentiated paths they followed","轨迹，历程",""
"individuals","Which necessitates that one reconstitutes the complete trajectory of the individuals, households and groups involved in the peregrination under examination, in order to uncover the full system of determinants that first triggered exile and later continued, under new guises, to govern the differentiated paths they followed","个体",""
"households","Which necessitates that one reconstitutes the complete trajectory of the individuals, households and groups involved in the peregrination under examination, in order to uncover the full system of determinants that first triggered exile and later continued, under new guises, to govern the differentiated paths they followed","家庭",""
"involved","Which necessitates that one reconstitutes the complete trajectory of the individuals, households and groups involved in the peregrination under examination, in order to uncover the full system of determinants that first triggered exile and later continued, under new guises, to govern the differentiated paths they followed","涉及的，相关的",""
"peregrination","Which necessitates that one reconstitutes the complete trajectory of the individuals, households and groups involved in the peregrination under examination, in order to uncover the full system of determinants that first triggered exile and later continued, under new guises, to govern the differentiated paths they followed","流亡迁徙旅程",""
"examination","Which necessitates that one reconstitutes the complete trajectory of the individuals, households and groups involved in the peregrination under examination, in order to uncover the full system of determinants that first triggered exile and later continued, under new guises, to govern the differentiated paths they followed","研究，考察（学术语境）",""
"order","Which necessitates that one reconstitutes the complete trajectory of the individuals, households and groups involved in the peregrination under examination, in order to uncover the full system of determinants that first triggered exile and later continued, under new guises, to govern the differentiated paths they followed","为了，以便",""
"uncover","Which necessitates that one reconstitutes the complete trajectory of the individuals, households and groups involved in the peregrination under examination, in order to uncover the full system of determinants that first triggered exile and later continued, under new guises, to govern the differentiated paths they followed","揭示，探明",""
"determinants","Which necessitates that one reconstitutes the complete trajectory of the individuals, households and groups involved in the peregrination under examination, in order to uncover the full system of determinants that first triggered exile and later continued, under new guises, to govern the differentiated paths they followed","决定因素",""
"triggered","Which necessitates that one reconstitutes the complete trajectory of the individuals, households and groups involved in the peregrination under examination, in order to uncover the full system of determinants that first triggered exile and later continued, under new guises, to govern the differentiated paths they followed","引发，触发",""
"exile","Which necessitates that one reconstitutes the complete trajectory of the individuals, households and groups involved in the peregrination under examination, in order to uncover the full system of determinants that first triggered exile and later continued, under new guises, to govern the differentiated paths they followed","流亡，流放",""
"later","Which necessitates that one reconstitutes the complete trajectory of the individuals, households and groups involved in the peregrination under examination, in order to uncover the full system of determinants that first triggered exile and later continued, under new guises, to govern the differentiated paths they followed","随后，之后",""
"continued","Which necessitates that one reconstitutes the complete trajectory of the individuals, households and groups involved in the peregrination under examination, in order to uncover the full system of determinants that first triggered exile and later continued, under new guises, to govern the differentiated paths they followed","持续运作",""
"guises","Which necessitates that one reconstitutes the complete trajectory of the individuals, households and groups involved in the peregrination under examination, in order to uncover the full system of determinants that first triggered exile and later continued, under new guises, to govern the differentiated paths they followed","形式，伪装",""
"govern","Which necessitates that one reconstitutes the complete trajectory of the individuals, households and groups involved in the peregrination under examination, in order to uncover the full system of determinants that first triggered exile and later continued, under new guises, to govern the differentiated paths they followed","支配，管控",""
"differentiated","Which necessitates that one reconstitutes the complete trajectory of the individuals, households and groups involved in the peregrination under examination, in order to uncover the full system of determinants that first triggered exile and later continued, under new guises, to govern the differentiated paths they followed","差异化的，分化的",""
"paths","Which necessitates that one reconstitutes the complete trajectory of the individuals, households and groups involved in the peregrination under examination, in order to uncover the full system of determinants that first triggered exile and later continued, under new guises, to govern the differentiated paths they followed","路径，轨迹",""
"followed","Which necessitates that one reconstitutes the complete trajectory of the individuals, households and groups involved in the peregrination under examination, in order to uncover the full system of determinants that first triggered exile and later continued, under new guises, to govern the differentiated paths they followed","选择，遵循（此处指选择流亡路径）",""
"recognizing","Recognizing that ""immigration here and emigration there are the two indisassociable sides of the same reality, which cannot be explained the one without the other"" (Sayad 1999a: 15) enables Sayad to revoke, both empirically and theoretically, the canonical opposition between ""labor migration"" and ""settlement migration.""","认识到（此处指意识到某一学术观点）",""
"immigration","Recognizing that ""immigration here and emigration there are the two indisassociable sides of the same reality, which cannot be explained the one without the other"" (Sayad 1999a: 15) enables Sayad to revoke, both empirically and theoretically, the canonical opposition between ""labor migration"" and ""settlement migration.""","移民入境，此处指本地的移民行为",""
"indisassociable","Recognizing that ""immigration here and emigration there are the two indisassociable sides of the same reality, which cannot be explained the one without the other"" (Sayad 1999a: 15) enables Sayad to revoke, both empirically and theoretically, the canonical opposition between ""labor migration"" and ""settlement migration.""","不可分割的，不可分离的",""
"sides","Recognizing that ""immigration here and emigration there are the two indisassociable sides of the same reality, which cannot be explained the one without the other"" (Sayad 1999a: 15) enables Sayad to revoke, both empirically and theoretically, the canonical opposition between ""labor migration"" and ""settlement migration.""","方面，此处指同一现实的两个层面",""
"reality","Recognizing that ""immigration here and emigration there are the two indisassociable sides of the same reality, which cannot be explained the one without the other"" (Sayad 1999a: 15) enables Sayad to revoke, both empirically and theoretically, the canonical opposition between ""labor migration"" and ""settlement migration.""","社会现实，此处指移民相关的客观现实",""
"cannot","Recognizing that ""immigration here and emigration there are the two indisassociable sides of the same reality, which cannot be explained the one without the other"" (Sayad 1999a: 15) enables Sayad to revoke, both empirically and theoretically, the canonical opposition between ""labor migration"" and ""settlement migration.""","无法，不能",""
"without","Recognizing that ""immigration here and emigration there are the two indisassociable sides of the same reality, which cannot be explained the one without the other"" (Sayad 1999a: 15) enables Sayad to revoke, both empirically and theoretically, the canonical opposition between ""labor migration"" and ""settlement migration.""","没有，缺乏，此处指缺少另一方",""
"sayad","Recognizing that ""immigration here and emigration there are the two indisassociable sides of the same reality, which cannot be explained the one without the other"" (Sayad 1999a: 15) enables Sayad to revoke, both empirically and theoretically, the canonical opposition between ""labor migration"" and ""settlement migration.""","萨亚德（人名）",""
"1999a","Recognizing that ""immigration here and emigration there are the two indisassociable sides of the same reality, which cannot be explained the one without the other"" (Sayad 1999a: 15) enables Sayad to revoke, both empirically and theoretically, the canonical opposition between ""labor migration"" and ""settlement migration.""","1999年出版的a版（或1999年第a分册）",""
"15","Recognizing that ""immigration here and emigration there are the two indisassociable sides of the same reality, which cannot be explained the one without the other"" (Sayad 1999a: 15) enables Sayad to revoke, both empirically and theoretically, the canonical opposition between ""labor migration"" and ""settlement migration.""","第15页",""
"enables","Recognizing that ""immigration here and emigration there are the two indisassociable sides of the same reality, which cannot be explained the one without the other"" (Sayad 1999a: 15) enables Sayad to revoke, both empirically and theoretically, the canonical opposition between ""labor migration"" and ""settlement migration.""","使能够，使得",""
"revoke","Recognizing that ""immigration here and emigration there are the two indisassociable sides of the same reality, which cannot be explained the one without the other"" (Sayad 1999a: 15) enables Sayad to revoke, both empirically and theoretically, the canonical opposition between ""labor migration"" and ""settlement migration.""","推翻，废除（此处指推翻学界原有的对立分类）",""
"empirically","Recognizing that ""immigration here and emigration there are the two indisassociable sides of the same reality, which cannot be explained the one without the other"" (Sayad 1999a: 15) enables Sayad to revoke, both empirically and theoretically, the canonical opposition between ""labor migration"" and ""settlement migration.""","从经验层面，以经验为依据地",""
"theoretically","Recognizing that ""immigration here and emigration there are the two indisassociable sides of the same reality, which cannot be explained the one without the other"" (Sayad 1999a: 15) enables Sayad to revoke, both empirically and theoretically, the canonical opposition between ""labor migration"" and ""settlement migration.""","从理论层面，在理论上",""
"canonical","Recognizing that ""immigration here and emigration there are the two indisassociable sides of the same reality, which cannot be explained the one without the other"" (Sayad 1999a: 15) enables Sayad to revoke, both empirically and theoretically, the canonical opposition between ""labor migration"" and ""settlement migration.""","正统的，权威的，此处指学界公认的",""
"opposition","Recognizing that ""immigration here and emigration there are the two indisassociable sides of the same reality, which cannot be explained the one without the other"" (Sayad 1999a: 15) enables Sayad to revoke, both empirically and theoretically, the canonical opposition between ""labor migration"" and ""settlement migration.""","对立分类，此处指两种移民类型的划分对立",""
"labor","Recognizing that ""immigration here and emigration there are the two indisassociable sides of the same reality, which cannot be explained the one without the other"" (Sayad 1999a: 15) enables Sayad to revoke, both empirically and theoretically, the canonical opposition between ""labor migration"" and ""settlement migration.""","劳工，此处指劳工移民",""
"settlement","Recognizing that ""immigration here and emigration there are the two indisassociable sides of the same reality, which cannot be explained the one without the other"" (Sayad 1999a: 15) enables Sayad to revoke, both empirically and theoretically, the canonical opposition between ""labor migration"" and ""settlement migration.""","定居，此处指定居移民",""
"immigrants","The Social Uses of the Culture of Immigrants (Sayad 1978), Towards a Sociology of Immigration (Sayad and Fassa 1982), Migrating - A History of Marseilles: The Shock of Decolonization (Temime, Jordi and Sayad 1991), Immigration, or the Paradoxes of Otherness (Sayad 1991), and An Algerian Nanterre, Land of Slums (Sayad with Dupuy 1995)","移民（复数形式）",""
"towards","The Social Uses of the Culture of Immigrants (Sayad 1978), Towards a Sociology of Immigration (Sayad and Fassa 1982), Migrating - A History of Marseilles: The Shock of Decolonization (Temime, Jordi and Sayad 1991), Immigration, or the Paradoxes of Otherness (Sayad 1991), and An Algerian Nanterre, Land of Slums (Sayad with Dupuy 1995)","走向（用于文献标题表研究方向）",""
"fassa","The Social Uses of the Culture of Immigrants (Sayad 1978), Towards a Sociology of Immigration (Sayad and Fassa 1982), Migrating - A History of Marseilles: The Shock of Decolonization (Temime, Jordi and Sayad 1991), Immigration, or the Paradoxes of Otherness (Sayad 1991), and An Algerian Nanterre, Land of Slums (Sayad with Dupuy 1995)","法萨（学者人名）",""
"migrating","The Social Uses of the Culture of Immigrants (Sayad 1978), Towards a Sociology of Immigration (Sayad and Fassa 1982), Migrating - A History of Marseilles: The Shock of Decolonization (Temime, Jordi and Sayad 1991), Immigration, or the Paradoxes of Otherness (Sayad 1991), and An Algerian Nanterre, Land of Slums (Sayad with Dupuy 1995)","移民、迁移（此处作文献标题核心词）",""
"marseilles","The Social Uses of the Culture of Immigrants (Sayad 1978), Towards a Sociology of Immigration (Sayad and Fassa 1982), Migrating - A History of Marseilles: The Shock of Decolonization (Temime, Jordi and Sayad 1991), Immigration, or the Paradoxes of Otherness (Sayad 1991), and An Algerian Nanterre, Land of Slums (Sayad with Dupuy 1995)","马赛（法国港口城市）",""
"shock","The Social Uses of the Culture of Immigrants (Sayad 1978), Towards a Sociology of Immigration (Sayad and Fassa 1982), Migrating - A History of Marseilles: The Shock of Decolonization (Temime, Jordi and Sayad 1991), Immigration, or the Paradoxes of Otherness (Sayad 1991), and An Algerian Nanterre, Land of Slums (Sayad with Dupuy 1995)","冲击（指去殖民化带来的影响冲击）",""
"temime","The Social Uses of the Culture of Immigrants (Sayad 1978), Towards a Sociology of Immigration (Sayad and Fassa 1982), Migrating - A History of Marseilles: The Shock of Decolonization (Temime, Jordi and Sayad 1991), Immigration, or the Paradoxes of Otherness (Sayad 1991), and An Algerian Nanterre, Land of Slums (Sayad with Dupuy 1995)","特米姆（学者人名）",""
"jordi","The Social Uses of the Culture of Immigrants (Sayad 1978), Towards a Sociology of Immigration (Sayad and Fassa 1982), Migrating - A History of Marseilles: The Shock of Decolonization (Temime, Jordi and Sayad 1991), Immigration, or the Paradoxes of Otherness (Sayad 1991), and An Algerian Nanterre, Land of Slums (Sayad with Dupuy 1995)","若尔迪（学者人名）",""
"paradoxes","The Social Uses of the Culture of Immigrants (Sayad 1978), Towards a Sociology of Immigration (Sayad and Fassa 1982), Migrating - A History of Marseilles: The Shock of Decolonization (Temime, Jordi and Sayad 1991), Immigration, or the Paradoxes of Otherness (Sayad 1991), and An Algerian Nanterre, Land of Slums (Sayad with Dupuy 1995)","悖论（复数形式）",""
"otherness","The Social Uses of the Culture of Immigrants (Sayad 1978), Towards a Sociology of Immigration (Sayad and Fassa 1982), Migrating - A History of Marseilles: The Shock of Decolonization (Temime, Jordi and Sayad 1991), Immigration, or the Paradoxes of Otherness (Sayad 1991), and An Algerian Nanterre, Land of Slums (Sayad with Dupuy 1995)","他者性（社会学核心概念）",""
"nanterre","The Social Uses of the Culture of Immigrants (Sayad 1978), Towards a Sociology of Immigration (Sayad and Fassa 1982), Migrating - A History of Marseilles: The Shock of Decolonization (Temime, Jordi and Sayad 1991), Immigration, or the Paradoxes of Otherness (Sayad 1991), and An Algerian Nanterre, Land of Slums (Sayad with Dupuy 1995)","楠泰尔（法国城市）",""
"dupuy","The Social Uses of the Culture of Immigrants (Sayad 1978), Towards a Sociology of Immigration (Sayad and Fassa 1982), Migrating - A History of Marseilles: The Shock of Decolonization (Temime, Jordi and Sayad 1991), Immigration, or the Paradoxes of Otherness (Sayad 1991), and An Algerian Nanterre, Land of Slums (Sayad with Dupuy 1995)","迪普伊（学者人名）",""
"2","2A rare and remarkable exception to this pattern, deserving of a wide readership for its multi-level, comparative, and interdisciplinary approach, is Massey, Durand and Alarcon (1987)","本句所在内容的编号",""
"recent","Recent work on ""transnational communities"" has fostered a belated if limited recognition of the double-sidedness and dual determinacy of migration (see the special issue of Ethnic and Racial Studies on the topic edited by Portes, Guarnizo and Landolt 1999, and Portes 1999).","近期的，近来的",""
"1999","Recent work on ""transnational communities"" has fostered a belated if limited recognition of the double-sidedness and dual determinacy of migration (see the special issue of Ethnic and Racial Studies on the topic edited by Portes, Guarnizo and Landolt 1999, and Portes 1999).","指公元1999年",""
"former","The former always contains the latter in nuce and always eventuates in it: the individual departure of wage-seeking men gradually saps the ""work of prevention and preservation"" whereby the group seeks to maintain moral control over its members, and sooner or later the latter ""abandons itself to family migration,"" which further accelerates the erosion of group boundaries. Relinking emigration and immigration points also to the second pillar-proposition anchoring Abdelmalek Sayad's work: that migration is the product and expression of an historical relation of inter-national domination, at once material and symbolic.","前者，指代前文提及的先出现的事物",""
"contains","The former always contains the latter in nuce and always eventuates in it: the individual departure of wage-seeking men gradually saps the ""work of prevention and preservation"" whereby the group seeks to maintain moral control over its members, and sooner or later the latter ""abandons itself to family migration,"" which further accelerates the erosion of group boundaries. Relinking emigration and immigration points also to the second pillar-proposition anchoring Abdelmalek Sayad's work: that migration is the product and expression of an historical relation of inter-national domination, at once material and symbolic.","包含，蕴含",""
"latter","The former always contains the latter in nuce and always eventuates in it: the individual departure of wage-seeking men gradually saps the ""work of prevention and preservation"" whereby the group seeks to maintain moral control over its members, and sooner or later the latter ""abandons itself to family migration,"" which further accelerates the erosion of group boundaries. Relinking emigration and immigration points also to the second pillar-proposition anchoring Abdelmalek Sayad's work: that migration is the product and expression of an historical relation of inter-national domination, at once material and symbolic.","后者，指代前文提及的后出现的事物",""
"nuce","The former always contains the latter in nuce and always eventuates in it: the individual departure of wage-seeking men gradually saps the ""work of prevention and preservation"" whereby the group seeks to maintain moral control over its members, and sooner or later the latter ""abandons itself to family migration,"" which further accelerates the erosion of group boundaries. Relinking emigration and immigration points also to the second pillar-proposition anchoring Abdelmalek Sayad's work: that migration is the product and expression of an historical relation of inter-national domination, at once material and symbolic.","萌芽状态，未展开状态（用于拉丁语短语in nuce）",""
"eventuates","The former always contains the latter in nuce and always eventuates in it: the individual departure of wage-seeking men gradually saps the ""work of prevention and preservation"" whereby the group seeks to maintain moral control over its members, and sooner or later the latter ""abandons itself to family migration,"" which further accelerates the erosion of group boundaries. Relinking emigration and immigration points also to the second pillar-proposition anchoring Abdelmalek Sayad's work: that migration is the product and expression of an historical relation of inter-national domination, at once material and symbolic.","最终归于，最终发展为",""
"departure","The former always contains the latter in nuce and always eventuates in it: the individual departure of wage-seeking men gradually saps the ""work of prevention and preservation"" whereby the group seeks to maintain moral control over its members, and sooner or later the latter ""abandons itself to family migration,"" which further accelerates the erosion of group boundaries. Relinking emigration and immigration points also to the second pillar-proposition anchoring Abdelmalek Sayad's work: that migration is the product and expression of an historical relation of inter-national domination, at once material and symbolic.","离开，出发，此处指务工者离开原群体",""
"wage-seeking","The former always contains the latter in nuce and always eventuates in it: the individual departure of wage-seeking men gradually saps the ""work of prevention and preservation"" whereby the group seeks to maintain moral control over its members, and sooner or later the latter ""abandons itself to family migration,"" which further accelerates the erosion of group boundaries. Relinking emigration and immigration points also to the second pillar-proposition anchoring Abdelmalek Sayad's work: that migration is the product and expression of an historical relation of inter-national domination, at once material and symbolic.","寻找务工机会的，谋求工资收入的",""
"men","The former always contains the latter in nuce and always eventuates in it: the individual departure of wage-seeking men gradually saps the ""work of prevention and preservation"" whereby the group seeks to maintain moral control over its members, and sooner or later the latter ""abandons itself to family migration,"" which further accelerates the erosion of group boundaries. Relinking emigration and immigration points also to the second pillar-proposition anchoring Abdelmalek Sayad's work: that migration is the product and expression of an historical relation of inter-national domination, at once material and symbolic.","人，此处指外出寻薪的务工者",""
"gradually","The former always contains the latter in nuce and always eventuates in it: the individual departure of wage-seeking men gradually saps the ""work of prevention and preservation"" whereby the group seeks to maintain moral control over its members, and sooner or later the latter ""abandons itself to family migration,"" which further accelerates the erosion of group boundaries. Relinking emigration and immigration points also to the second pillar-proposition anchoring Abdelmalek Sayad's work: that migration is the product and expression of an historical relation of inter-national domination, at once material and symbolic.","逐渐地，逐步地",""
"saps","The former always contains the latter in nuce and always eventuates in it: the individual departure of wage-seeking men gradually saps the ""work of prevention and preservation"" whereby the group seeks to maintain moral control over its members, and sooner or later the latter ""abandons itself to family migration,"" which further accelerates the erosion of group boundaries. Relinking emigration and immigration points also to the second pillar-proposition anchoring Abdelmalek Sayad's work: that migration is the product and expression of an historical relation of inter-national domination, at once material and symbolic.","削弱，侵蚀",""
"prevention","The former always contains the latter in nuce and always eventuates in it: the individual departure of wage-seeking men gradually saps the ""work of prevention and preservation"" whereby the group seeks to maintain moral control over its members, and sooner or later the latter ""abandons itself to family migration,"" which further accelerates the erosion of group boundaries. Relinking emigration and immigration points also to the second pillar-proposition anchoring Abdelmalek Sayad's work: that migration is the product and expression of an historical relation of inter-national domination, at once material and symbolic.","预防，防范，此处指预防秩序瓦解的工作内容",""
"preservation","The former always contains the latter in nuce and always eventuates in it: the individual departure of wage-seeking men gradually saps the ""work of prevention and preservation"" whereby the group seeks to maintain moral control over its members, and sooner or later the latter ""abandons itself to family migration,"" which further accelerates the erosion of group boundaries. Relinking emigration and immigration points also to the second pillar-proposition anchoring Abdelmalek Sayad's work: that migration is the product and expression of an historical relation of inter-national domination, at once material and symbolic.","保全，维护，此处指维护原有秩序的工作内容",""
"whereby","The former always contains the latter in nuce and always eventuates in it: the individual departure of wage-seeking men gradually saps the ""work of prevention and preservation"" whereby the group seeks to maintain moral control over its members, and sooner or later the latter ""abandons itself to family migration,"" which further accelerates the erosion of group boundaries. Relinking emigration and immigration points also to the second pillar-proposition anchoring Abdelmalek Sayad's work: that migration is the product and expression of an historical relation of inter-national domination, at once material and symbolic.","凭借，借以，此处指代前文的工作，引出定语从句",""
"seeks","The former always contains the latter in nuce and always eventuates in it: the individual departure of wage-seeking men gradually saps the ""work of prevention and preservation"" whereby the group seeks to maintain moral control over its members, and sooner or later the latter ""abandons itself to family migration,"" which further accelerates the erosion of group boundaries. Relinking emigration and immigration points also to the second pillar-proposition anchoring Abdelmalek Sayad's work: that migration is the product and expression of an historical relation of inter-national domination, at once material and symbolic.","试图，寻求",""
"maintain","The former always contains the latter in nuce and always eventuates in it: the individual departure of wage-seeking men gradually saps the ""work of prevention and preservation"" whereby the group seeks to maintain moral control over its members, and sooner or later the latter ""abandons itself to family migration,"" which further accelerates the erosion of group boundaries. Relinking emigration and immigration points also to the second pillar-proposition anchoring Abdelmalek Sayad's work: that migration is the product and expression of an historical relation of inter-national domination, at once material and symbolic.","维持，保持",""
"moral","The former always contains the latter in nuce and always eventuates in it: the individual departure of wage-seeking men gradually saps the ""work of prevention and preservation"" whereby the group seeks to maintain moral control over its members, and sooner or later the latter ""abandons itself to family migration,"" which further accelerates the erosion of group boundaries. Relinking emigration and immigration points also to the second pillar-proposition anchoring Abdelmalek Sayad's work: that migration is the product and expression of an historical relation of inter-national domination, at once material and symbolic.","道德的",""
"members","The former always contains the latter in nuce and always eventuates in it: the individual departure of wage-seeking men gradually saps the ""work of prevention and preservation"" whereby the group seeks to maintain moral control over its members, and sooner or later the latter ""abandons itself to family migration,"" which further accelerates the erosion of group boundaries. Relinking emigration and immigration points also to the second pillar-proposition anchoring Abdelmalek Sayad's work: that migration is the product and expression of an historical relation of inter-national domination, at once material and symbolic.","成员，此处指群体的成员",""
"sooner","The former always contains the latter in nuce and always eventuates in it: the individual departure of wage-seeking men gradually saps the ""work of prevention and preservation"" whereby the group seeks to maintain moral control over its members, and sooner or later the latter ""abandons itself to family migration,"" which further accelerates the erosion of group boundaries. Relinking emigration and immigration points also to the second pillar-proposition anchoring Abdelmalek Sayad's work: that migration is the product and expression of an historical relation of inter-national domination, at once material and symbolic.","较早的，用于短语sooner or later表示迟早",""
"latter","The former always contains the latter in nuce and always eventuates in it: the individual departure of wage-seeking men gradually saps the ""work of prevention and preservation"" whereby the group seeks to maintain moral control over its members, and sooner or later the latter ""abandons itself to family migration,"" which further accelerates the erosion of group boundaries. Relinking emigration and immigration points also to the second pillar-proposition anchoring Abdelmalek Sayad's work: that migration is the product and expression of an historical relation of inter-national domination, at once material and symbolic.","后者，此处指代前文提到的群体",""
"abandons","The former always contains the latter in nuce and always eventuates in it: the individual departure of wage-seeking men gradually saps the ""work of prevention and preservation"" whereby the group seeks to maintain moral control over its members, and sooner or later the latter ""abandons itself to family migration,"" which further accelerates the erosion of group boundaries. Relinking emigration and immigration points also to the second pillar-proposition anchoring Abdelmalek Sayad's work: that migration is the product and expression of an historical relation of inter-national domination, at once material and symbolic.","投身，放纵，此处构成短语abandon oneself to表示投身于",""
"itself","The former always contains the latter in nuce and always eventuates in it: the individual departure of wage-seeking men gradually saps the ""work of prevention and preservation"" whereby the group seeks to maintain moral control over its members, and sooner or later the latter ""abandons itself to family migration,"" which further accelerates the erosion of group boundaries. Relinking emigration and immigration points also to the second pillar-proposition anchoring Abdelmalek Sayad's work: that migration is the product and expression of an historical relation of inter-national domination, at once material and symbolic.","它自身，指代前文提到的群体",""
"further","The former always contains the latter in nuce and always eventuates in it: the individual departure of wage-seeking men gradually saps the ""work of prevention and preservation"" whereby the group seeks to maintain moral control over its members, and sooner or later the latter ""abandons itself to family migration,"" which further accelerates the erosion of group boundaries. Relinking emigration and immigration points also to the second pillar-proposition anchoring Abdelmalek Sayad's work: that migration is the product and expression of an historical relation of inter-national domination, at once material and symbolic.","进一步地，更进一步",""
"accelerates","The former always contains the latter in nuce and always eventuates in it: the individual departure of wage-seeking men gradually saps the ""work of prevention and preservation"" whereby the group seeks to maintain moral control over its members, and sooner or later the latter ""abandons itself to family migration,"" which further accelerates the erosion of group boundaries. Relinking emigration and immigration points also to the second pillar-proposition anchoring Abdelmalek Sayad's work: that migration is the product and expression of an historical relation of inter-national domination, at once material and symbolic.","加速，促进",""
"erosion","The former always contains the latter in nuce and always eventuates in it: the individual departure of wage-seeking men gradually saps the ""work of prevention and preservation"" whereby the group seeks to maintain moral control over its members, and sooner or later the latter ""abandons itself to family migration,"" which further accelerates the erosion of group boundaries. Relinking emigration and immigration points also to the second pillar-proposition anchoring Abdelmalek Sayad's work: that migration is the product and expression of an historical relation of inter-national domination, at once material and symbolic.","侵蚀，消融，此处指群体边界被侵蚀",""
"boundaries","The former always contains the latter in nuce and always eventuates in it: the individual departure of wage-seeking men gradually saps the ""work of prevention and preservation"" whereby the group seeks to maintain moral control over its members, and sooner or later the latter ""abandons itself to family migration,"" which further accelerates the erosion of group boundaries. Relinking emigration and immigration points also to the second pillar-proposition anchoring Abdelmalek Sayad's work: that migration is the product and expression of an historical relation of inter-national domination, at once material and symbolic.","边界，界限，此处指群体的边界",""
"relinking","The former always contains the latter in nuce and always eventuates in it: the individual departure of wage-seeking men gradually saps the ""work of prevention and preservation"" whereby the group seeks to maintain moral control over its members, and sooner or later the latter ""abandons itself to family migration,"" which further accelerates the erosion of group boundaries. Relinking emigration and immigration points also to the second pillar-proposition anchoring Abdelmalek Sayad's work: that migration is the product and expression of an historical relation of inter-national domination, at once material and symbolic.","重新关联，重新连接，此处指重新关联迁出和迁入",""
"points","The former always contains the latter in nuce and always eventuates in it: the individual departure of wage-seeking men gradually saps the ""work of prevention and preservation"" whereby the group seeks to maintain moral control over its members, and sooner or later the latter ""abandons itself to family migration,"" which further accelerates the erosion of group boundaries. Relinking emigration and immigration points also to the second pillar-proposition anchoring Abdelmalek Sayad's work: that migration is the product and expression of an historical relation of inter-national domination, at once material and symbolic.","指向，此处作动词，构成points to表示指向",""
"pillar-proposition","The former always contains the latter in nuce and always eventuates in it: the individual departure of wage-seeking men gradually saps the ""work of prevention and preservation"" whereby the group seeks to maintain moral control over its members, and sooner or later the latter ""abandons itself to family migration,"" which further accelerates the erosion of group boundaries. Relinking emigration and immigration points also to the second pillar-proposition anchoring Abdelmalek Sayad's work: that migration is the product and expression of an historical relation of inter-national domination, at once material and symbolic.","支柱命题，核心命题，此处指支撑整个理论的核心命题",""
"anchoring","The former always contains the latter in nuce and always eventuates in it: the individual departure of wage-seeking men gradually saps the ""work of prevention and preservation"" whereby the group seeks to maintain moral control over its members, and sooner or later the latter ""abandons itself to family migration,"" which further accelerates the erosion of group boundaries. Relinking emigration and immigration points also to the second pillar-proposition anchoring Abdelmalek Sayad's work: that migration is the product and expression of an historical relation of inter-national domination, at once material and symbolic.","锚定，支撑，此处指核心命题支撑阿卜杜勒马莱克的研究",""
"abdelmalek","The former always contains the latter in nuce and always eventuates in it: the individual departure of wage-seeking men gradually saps the ""work of prevention and preservation"" whereby the group seeks to maintain moral control over its members, and sooner or later the latter ""abandons itself to family migration,"" which further accelerates the erosion of group boundaries. Relinking emigration and immigration points also to the second pillar-proposition anchoring Abdelmalek Sayad's work: that migration is the product and expression of an historical relation of inter-national domination, at once material and symbolic.","阿卜杜勒马莱克，法国著名社会学家阿卜杜勒马莱克·萨亚德的名",""
"product","The former always contains the latter in nuce and always eventuates in it: the individual departure of wage-seeking men gradually saps the ""work of prevention and preservation"" whereby the group seeks to maintain moral control over its members, and sooner or later the latter ""abandons itself to family migration,"" which further accelerates the erosion of group boundaries. Relinking emigration and immigration points also to the second pillar-proposition anchoring Abdelmalek Sayad's work: that migration is the product and expression of an historical relation of inter-national domination, at once material and symbolic.","产物，此处指移民是历史关系的产物",""
"expression","The former always contains the latter in nuce and always eventuates in it: the individual departure of wage-seeking men gradually saps the ""work of prevention and preservation"" whereby the group seeks to maintain moral control over its members, and sooner or later the latter ""abandons itself to family migration,"" which further accelerates the erosion of group boundaries. Relinking emigration and immigration points also to the second pillar-proposition anchoring Abdelmalek Sayad's work: that migration is the product and expression of an historical relation of inter-national domination, at once material and symbolic.","体现，表达，此处指移民是历史关系的体现",""
"historical","The former always contains the latter in nuce and always eventuates in it: the individual departure of wage-seeking men gradually saps the ""work of prevention and preservation"" whereby the group seeks to maintain moral control over its members, and sooner or later the latter ""abandons itself to family migration,"" which further accelerates the erosion of group boundaries. Relinking emigration and immigration points also to the second pillar-proposition anchoring Abdelmalek Sayad's work: that migration is the product and expression of an historical relation of inter-national domination, at once material and symbolic.","历史的",""
"relation","The former always contains the latter in nuce and always eventuates in it: the individual departure of wage-seeking men gradually saps the ""work of prevention and preservation"" whereby the group seeks to maintain moral control over its members, and sooner or later the latter ""abandons itself to family migration,"" which further accelerates the erosion of group boundaries. Relinking emigration and immigration points also to the second pillar-proposition anchoring Abdelmalek Sayad's work: that migration is the product and expression of an historical relation of inter-national domination, at once material and symbolic.","关系，此处指历史层面的关系",""
"inter-national","The former always contains the latter in nuce and always eventuates in it: the individual departure of wage-seeking men gradually saps the ""work of prevention and preservation"" whereby the group seeks to maintain moral control over its members, and sooner or later the latter ""abandons itself to family migration,"" which further accelerates the erosion of group boundaries. Relinking emigration and immigration points also to the second pillar-proposition anchoring Abdelmalek Sayad's work: that migration is the product and expression of an historical relation of inter-national domination, at once material and symbolic.","国家间的，国际的",""
"domination","The former always contains the latter in nuce and always eventuates in it: the individual departure of wage-seeking men gradually saps the ""work of prevention and preservation"" whereby the group seeks to maintain moral control over its members, and sooner or later the latter ""abandons itself to family migration,"" which further accelerates the erosion of group boundaries. Relinking emigration and immigration points also to the second pillar-proposition anchoring Abdelmalek Sayad's work: that migration is the product and expression of an historical relation of inter-national domination, at once material and symbolic.","支配，统治，此处指国家间的支配关系",""
"symbolic","The former always contains the latter in nuce and always eventuates in it: the individual departure of wage-seeking men gradually saps the ""work of prevention and preservation"" whereby the group seeks to maintain moral control over its members, and sooner or later the latter ""abandons itself to family migration,"" which further accelerates the erosion of group boundaries. Relinking emigration and immigration points also to the second pillar-proposition anchoring Abdelmalek Sayad's work: that migration is the product and expression of an historical relation of inter-national domination, at once material and symbolic.","象征的，符号性的，此处指兼具象征性",""
"state","Immigration is a ""relation from state to state"" but one that is ""denied as such in everyday reality"" no less than in the political field (Sayad 1991: 267), so that its management may fall within the sovereign province of the receiving society alone, of its laws, administrative rules and bureaucratic dictates, and be treated as the ""domestic"" issue which it is not.","此处指主权国家",""
"denied","Immigration is a ""relation from state to state"" but one that is ""denied as such in everyday reality"" no less than in the political field (Sayad 1991: 267), so that its management may fall within the sovereign province of the receiving society alone, of its laws, administrative rules and bureaucratic dictates, and be treated as the ""domestic"" issue which it is not.","不被承认，被否认",""
"less","Immigration is a ""relation from state to state"" but one that is ""denied as such in everyday reality"" no less than in the political field (Sayad 1991: 267), so that its management may fall within the sovereign province of the receiving society alone, of its laws, administrative rules and bureaucratic dictates, and be treated as the ""domestic"" issue which it is not.","此处构成短语no less than，表“和…一样、不亚于”",""
"field","Immigration is a ""relation from state to state"" but one that is ""denied as such in everyday reality"" no less than in the political field (Sayad 1991: 267), so that its management may fall within the sovereign province of the receiving society alone, of its laws, administrative rules and bureaucratic dictates, and be treated as the ""domestic"" issue which it is not.","此处指社会活动领域",""
"1991","Immigration is a ""relation from state to state"" but one that is ""denied as such in everyday reality"" no less than in the political field (Sayad 1991: 267), so that its management may fall within the sovereign province of the receiving society alone, of its laws, administrative rules and bureaucratic dictates, and be treated as the ""domestic"" issue which it is not.","此处指文献出版年份1991年",""
"267","Immigration is a ""relation from state to state"" but one that is ""denied as such in everyday reality"" no less than in the political field (Sayad 1991: 267), so that its management may fall within the sovereign province of the receiving society alone, of its laws, administrative rules and bureaucratic dictates, and be treated as the ""domestic"" issue which it is not.","此处指文献页码第267页",""
"management","Immigration is a ""relation from state to state"" but one that is ""denied as such in everyday reality"" no less than in the political field (Sayad 1991: 267), so that its management may fall within the sovereign province of the receiving society alone, of its laws, administrative rules and bureaucratic dictates, and be treated as the ""domestic"" issue which it is not.","此处指移民事务的管理",""
"may","Immigration is a ""relation from state to state"" but one that is ""denied as such in everyday reality"" no less than in the political field (Sayad 1991: 267), so that its management may fall within the sovereign province of the receiving society alone, of its laws, administrative rules and bureaucratic dictates, and be treated as the ""domestic"" issue which it is not.","表推测，可译为“可能”",""
"within","Immigration is a ""relation from state to state"" but one that is ""denied as such in everyday reality"" no less than in the political field (Sayad 1991: 267), so that its management may fall within the sovereign province of the receiving society alone, of its laws, administrative rules and bureaucratic dictates, and be treated as the ""domestic"" issue which it is not.","在…范围之内",""
"sovereign","Immigration is a ""relation from state to state"" but one that is ""denied as such in everyday reality"" no less than in the political field (Sayad 1991: 267), so that its management may fall within the sovereign province of the receiving society alone, of its laws, administrative rules and bureaucratic dictates, and be treated as the ""domestic"" issue which it is not.","主权的，拥有最高统治权的",""
"province","Immigration is a ""relation from state to state"" but one that is ""denied as such in everyday reality"" no less than in the political field (Sayad 1991: 267), so that its management may fall within the sovereign province of the receiving society alone, of its laws, administrative rules and bureaucratic dictates, and be treated as the ""domestic"" issue which it is not.","此处指管辖范围、职权范围",""
"laws","Immigration is a ""relation from state to state"" but one that is ""denied as such in everyday reality"" no less than in the political field (Sayad 1991: 267), so that its management may fall within the sovereign province of the receiving society alone, of its laws, administrative rules and bureaucratic dictates, and be treated as the ""domestic"" issue which it is not.","法律，法令",""
"administrative","Immigration is a ""relation from state to state"" but one that is ""denied as such in everyday reality"" no less than in the political field (Sayad 1991: 267), so that its management may fall within the sovereign province of the receiving society alone, of its laws, administrative rules and bureaucratic dictates, and be treated as the ""domestic"" issue which it is not.","行政的，管理相关的",""
"rules","Immigration is a ""relation from state to state"" but one that is ""denied as such in everyday reality"" no less than in the political field (Sayad 1991: 267), so that its management may fall within the sovereign province of the receiving society alone, of its laws, administrative rules and bureaucratic dictates, and be treated as the ""domestic"" issue which it is not.","规章，规则",""
"bureaucratic","Immigration is a ""relation from state to state"" but one that is ""denied as such in everyday reality"" no less than in the political field (Sayad 1991: 267), so that its management may fall within the sovereign province of the receiving society alone, of its laws, administrative rules and bureaucratic dictates, and be treated as the ""domestic"" issue which it is not.","官僚的，官僚机构的",""
"dictates","Immigration is a ""relation from state to state"" but one that is ""denied as such in everyday reality"" no less than in the political field (Sayad 1991: 267), so that its management may fall within the sovereign province of the receiving society alone, of its laws, administrative rules and bureaucratic dictates, and be treated as the ""domestic"" issue which it is not.","命令，政令，指令",""
"treated","Immigration is a ""relation from state to state"" but one that is ""denied as such in everyday reality"" no less than in the political field (Sayad 1991: 267), so that its management may fall within the sovereign province of the receiving society alone, of its laws, administrative rules and bureaucratic dictates, and be treated as the ""domestic"" issue which it is not.","被对待，被处理",""
"domestic","Immigration is a ""relation from state to state"" but one that is ""denied as such in everyday reality"" no less than in the political field (Sayad 1991: 267), so that its management may fall within the sovereign province of the receiving society alone, of its laws, administrative rules and bureaucratic dictates, and be treated as the ""domestic"" issue which it is not.","此处指国内的",""
"in","In Catherine's heart she knows what is right, but chooses what is wrong.","在…里面",""
"catherine's","In Catherine's heart she knows what is right, but chooses what is wrong.","凯瑟琳的",""
"knows","In Catherine's heart she knows what is right, but chooses what is wrong.","清楚，知道",""
"chooses","In Catherine's heart she knows what is right, but chooses what is wrong.","选择",""
"decision","It is her wrong decision that pushes her into the inextricable dilemma between her love and marriage; it is her wrong choice that plunges the two families into chaos.","决定",""
"pushes","It is her wrong decision that pushes her into the inextricable dilemma between her love and marriage; it is her wrong choice that plunges the two families into chaos.","将……推入",""
"inextricable","It is her wrong decision that pushes her into the inextricable dilemma between her love and marriage; it is her wrong choice that plunges the two families into chaos.","无法摆脱的",""
"dilemma","It is her wrong decision that pushes her into the inextricable dilemma between her love and marriage; it is her wrong choice that plunges the two families into chaos.","进退两难的困境",""
"marriage","It is her wrong decision that pushes her into the inextricable dilemma between her love and marriage; it is her wrong choice that plunges the two families into chaos.","婚姻",""
"choice","It is her wrong decision that pushes her into the inextricable dilemma between her love and marriage; it is her wrong choice that plunges the two families into chaos.","选择",""
"plunges","It is her wrong decision that pushes her into the inextricable dilemma between her love and marriage; it is her wrong choice that plunges the two families into chaos.","使……陷入",""
"families","It is her wrong decision that pushes her into the inextricable dilemma between her love and marriage; it is her wrong choice that plunges the two families into chaos.","家庭",""
"chaos","It is her wrong decision that pushes her into the inextricable dilemma between her love and marriage; it is her wrong choice that plunges the two families into chaos.","混乱",""
"truly","In the mind, she is truly out of her way.","确实，实在",""
"sigmund","According to Sigmund Freud(1856—1939), the structure of the mind or personality consists three portions: the id, the ego, and the superego. “The id, which is the reservoir of biological impulses, constitutes the entire personality of the infant at birth.","西格蒙德（心理学家弗洛伊德的名）",""
"freud","According to Sigmund Freud(1856—1939), the structure of the mind or personality consists three portions: the id, the ego, and the superego. “The id, which is the reservoir of biological impulses, constitutes the entire personality of the infant at birth.","弗洛伊德（奥地利著名心理学家、精神分析学派创始人）",""
"personality","According to Sigmund Freud(1856—1939), the structure of the mind or personality consists three portions: the id, the ego, and the superego. “The id, which is the reservoir of biological impulses, constitutes the entire personality of the infant at birth.","人格（心理学核心概念）",""
"consists","According to Sigmund Freud(1856—1939), the structure of the mind or personality consists three portions: the id, the ego, and the superego. “The id, which is the reservoir of biological impulses, constitutes the entire personality of the infant at birth.","构成，组成",""
"portions","According to Sigmund Freud(1856—1939), the structure of the mind or personality consists three portions: the id, the ego, and the superego. “The id, which is the reservoir of biological impulses, constitutes the entire personality of the infant at birth.","部分",""
"id","According to Sigmund Freud(1856—1939), the structure of the mind or personality consists three portions: the id, the ego, and the superego. “The id, which is the reservoir of biological impulses, constitutes the entire personality of the infant at birth.","本我（精神分析理论术语）",""
"ego","According to Sigmund Freud(1856—1939), the structure of the mind or personality consists three portions: the id, the ego, and the superego. “The id, which is the reservoir of biological impulses, constitutes the entire personality of the infant at birth.","自我（精神分析理论术语）",""
"superego","According to Sigmund Freud(1856—1939), the structure of the mind or personality consists three portions: the id, the ego, and the superego. “The id, which is the reservoir of biological impulses, constitutes the entire personality of the infant at birth.","超我（精神分析理论术语）",""
"reservoir","According to Sigmund Freud(1856—1939), the structure of the mind or personality consists three portions: the id, the ego, and the superego. “The id, which is the reservoir of biological impulses, constitutes the entire personality of the infant at birth.","储存库",""
"biological","According to Sigmund Freud(1856—1939), the structure of the mind or personality consists three portions: the id, the ego, and the superego. “The id, which is the reservoir of biological impulses, constitutes the entire personality of the infant at birth.","生物的，生物学的",""
"impulses","According to Sigmund Freud(1856—1939), the structure of the mind or personality consists three portions: the id, the ego, and the superego. “The id, which is the reservoir of biological impulses, constitutes the entire personality of the infant at birth.","冲动",""
"constitutes","According to Sigmund Freud(1856—1939), the structure of the mind or personality consists three portions: the id, the ego, and the superego. “The id, which is the reservoir of biological impulses, constitutes the entire personality of the infant at birth.","构成，组成",""
"entire","According to Sigmund Freud(1856—1939), the structure of the mind or personality consists three portions: the id, the ego, and the superego. “The id, which is the reservoir of biological impulses, constitutes the entire personality of the infant at birth.","全部的，整个的",""
"infant","According to Sigmund Freud(1856—1939), the structure of the mind or personality consists three portions: the id, the ego, and the superego. “The id, which is the reservoir of biological impulses, constitutes the entire personality of the infant at birth.","婴儿",""
"birth","According to Sigmund Freud(1856—1939), the structure of the mind or personality consists three portions: the id, the ego, and the superego. “The id, which is the reservoir of biological impulses, constitutes the entire personality of the infant at birth.","出生",""
"principle","Its principle of operation, to guard the person from painful tension, is termed the pleasure principle.","心理学范畴的原则、法则",""
"operation","Its principle of operation, to guard the person from painful tension, is termed the pleasure principle.","运作、运行",""
"guard","Its principle of operation, to guard the person from painful tension, is termed the pleasure principle.","保护、护卫",""
"painful","Its principle of operation, to guard the person from painful tension, is termed the pleasure principle.","引起痛苦的",""
"tension","Its principle of operation, to guard the person from painful tension, is termed the pleasure principle.","紧张、紧张感",""
"termed","Its principle of operation, to guard the person from painful tension, is termed the pleasure principle.","被称为、把...叫做",""
"pleasure","Its principle of operation, to guard the person from painful tension, is termed the pleasure principle.","快乐、愉悦",""
"in","In the mind, she is truly out of her way.","介词，表范围，此处指在脑海之中",""
"1856","According to Sigmund Freud(1856—1939), the structure of the mind or personality consists three portions: the id, the ego, and the superego.“The id, which is the reservoir of biological impulses, constitutes the entire personality of the infant at birth.","西格蒙德·弗洛伊德的出生年份，即公元1856年",""
"1939","According to Sigmund Freud(1856—1939), the structure of the mind or personality consists three portions: the id, the ego, and the superego.“The id, which is the reservoir of biological impulses, constitutes the entire personality of the infant at birth.","西格蒙德·弗洛伊德的去世年份，即公元1939年",""
"it","It is her wrong decision that pushes her into the inextricable dilemma between her love and marriage; it is her wrong choice that plunges the two families into chaos.","强调句的形式主语，无实际词义",""
"1856","According to Sigmund Freud(1856—1939), the structure of the mind or personality consists three portions: the id, the ego, and the superego. The id, which is the reservoir of biological impulses, constitutes the entire personality of the infant at birth.","弗洛伊德的出生年份，即公元1856年",""
"1939","According to Sigmund Freud(1856—1939), the structure of the mind or personality consists three portions: the id, the ego, and the superego. The id, which is the reservoir of biological impulses, constitutes the entire personality of the infant at birth.","弗洛伊德的去世年份，即公元1939年",""
"its","Its principle of operation, to guard the person from painful tension, is termed the pleasure principle.","它的，本句中指代该心理机制所属的",""
"in one's heart","In Catherine's heart she knows what is right, but chooses what is wrong","在某人心里；内心里",""
"choose","In Catherine's heart she knows what is right, but chooses what is wrong","选择",""
"right","In Catherine's heart she knows what is right, but chooses what is wrong","正确的；对的",""
"wrong","In Catherine's heart she knows what is right, but chooses what is wrong","错误的；不对的",""
"it is ... that ...","It is her wrong decision that pushes her into the inextricable [LunWenJia","正是……；强调句型",""
"decision","It is her wrong decision that pushes her into the inextricable [LunWenJia","决定；抉择",""
"push into","It is her wrong decision that pushes her into the inextricable [LunWenJia","把……推入；促使陷入",""
"inextricable","It is her wrong decision that pushes her into the inextricable [LunWenJia","无法摆脱的；解不开的",""
"dilemma","Com]dilemma between her love and marriage; it is her wrong choice that plunges the two families into chaos","困境；两难境地",""
"marriage","Com]dilemma between her love and marriage; it is her wrong choice that plunges the two families into chaos","婚姻",""
"choice","Com]dilemma between her love and marriage; it is her wrong choice that plunges the two families into chaos","选择；抉择",""
"plunge into","Com]dilemma between her love and marriage; it is her wrong choice that plunges the two families into chaos","使……陷入；投入",""
"chaos","Com]dilemma between her love and marriage; it is her wrong choice that plunges the two families into chaos","混乱；无序",""
"family","Com]dilemma between her love and marriage; it is her wrong choice that plunges the two families into chaos","家庭；家人",""
"mind","In the mind, she is truly out of her way","思想；头脑；心理",""
"truly","In the mind, she is truly out of her way","真正地；确实",""
"out of one's way","In the mind, she is truly out of her way","偏离自己的道路；偏离正轨",""
"according to","According to Sigmund Freud(1856—1939), the structure of the mind or personality consists three portions: the id, the ego, and the superego","根据；按照",""
"structure","According to Sigmund Freud(1856—1939), the structure of the mind or personality consists three portions: the id, the ego, and the superego","结构；构造",""
"personality","According to Sigmund Freud(1856—1939), the structure of the mind or personality consists three portions: the id, the ego, and the superego","人格；个性",""
"consist of","According to Sigmund Freud(1856—1939), the structure of the mind or personality consists three portions: the id, the ego, and the superego","由……组成（原句作 consists three portions，规范用法为 consist of）",""
"portion","According to Sigmund Freud(1856—1939), the structure of the mind or personality consists three portions: the id, the ego, and the superego","部分；一份",""
"id","According to Sigmund Freud(1856—1939), the structure of the mind or personality consists three portions: the id, the ego, and the superego","本我（弗洛伊德心理学术语）",""
"ego","According to Sigmund Freud(1856—1939), the structure of the mind or personality consists three portions: the id, the ego, and the superego","自我（弗洛伊德心理学术语）",""
"superego","According to Sigmund Freud(1856—1939), the structure of the mind or personality consists three portions: the id, the ego, and the superego","超我（弗洛伊德心理学术语）",""
"id","“The id, which is the reservoir of biological impulses, constitutes the entire personality of the infant at birth","本我（弗洛伊德人格结构中的本能部分）",""
"reservoir","“The id, which is the reservoir of biological impulses, constitutes the entire personality of the infant at birth","储存库；蓄积处",""
"biological","“The id, which is the reservoir of biological impulses, constitutes the entire personality of the infant at birth","生物的；生物学的",""
"impulses","“The id, which is the reservoir of biological impulses, constitutes the entire personality of the infant at birth","冲动；本能驱力",""
"constitutes","“The id, which is the reservoir of biological impulses, constitutes the entire personality of the infant at birth","构成；组成",""
"entire","“The id, which is the reservoir of biological impulses, constitutes the entire personality of the infant at birth","整个的；全部的",""
"personality","“The id, which is the reservoir of biological impulses, constitutes the entire personality of the infant at birth","人格；个性",""
"infant","“The id, which is the reservoir of biological impulses, constitutes the entire personality of the infant at birth","婴儿",""
"at birth","“The id, which is the reservoir of biological impulses, constitutes the entire personality of the infant at birth","出生时",""
"principle","Its principle of operation, to guard the person from painful tension, is termed the pleasure principle","原则；原理",""
"operation","Its principle of operation, to guard the person from painful tension, is termed the pleasure principle","运作；运行；操作",""
"guard ... from","Its principle of operation, to guard the person from painful tension, is termed the pleasure principle","保护……免受",""
"painful","Its principle of operation, to guard the person from painful tension, is termed the pleasure principle","痛苦的",""
"tension","Its principle of operation, to guard the person from painful tension, is termed the pleasure principle","紧张；紧张状态",""
"termed","Its principle of operation, to guard the person from painful tension, is termed the pleasure principle","被称为；称作",""
"pleasure principle","Its principle of operation, to guard the person from painful tension, is termed the pleasure principle","快乐原则",""
"principle of operation","Its principle of operation, to guard the person from painful tension, is termed the pleasure principle","运作原则",""
"introduction","Introduction","引言；导论；介绍",""
"domesticate","""Domesticating translation"" and ""foreignizing translation"" are the terms","使本土化；驯化（句中 domesticating translation 指翻译中的“归化”）",""
"foreignize","""Domesticating translation"" and ""foreignizing translation"" are the terms","使外国化（句中 foreignizing translation 指翻译中的“异化”）",""
"translation","""Domesticating translation"" and ""foreignizing translation"" are the terms","翻译；译文",""
"term","""Domesticating translation"" and ""foreignizing translation"" are the terms","术语；专门用语（句中 terms 为复数）",""
"coin","coined by L","创造（新词）；首次提出（句中 coined 为过去分词）",""
"describe","Venuti (1995) to describe the two different translation strategies","描述；形容",""
"strategy","Venuti (1995) to describe the two different translation strategies","策略；方法（句中 strategies 为复数）",""
"former","The former refers to the translation strategy in which a transparent, fluent","前者",""
"refer to","The former refers to the translation strategy in which a transparent, fluent","指的是；指代",""
"strategy","The former refers to the translation strategy in which a transparent, fluent","策略；战略",""
"transparent","The former refers to the translation strategy in which a transparent, fluent","透明的；明晰易懂的",""
"fluent","The former refers to the translation strategy in which a transparent, fluent","流畅的；流利的",""
"style","style is adopted in order to minimize the strangeness of the foreign text","文体；风格",""
"adopt","style is adopted in order to minimize the strangeness of the foreign text","采用；采纳",""
"minimize","style is adopted in order to minimize the strangeness of the foreign text","使减到最少；将……降至最低",""
"strangeness","style is adopted in order to minimize the strangeness of the foreign text","陌生感",""
"foreign","style is adopted in order to minimize the strangeness of the foreign text","外国的；外来的",""
"target language","for target language readers, while the latter designates the type of translation","目标语；目的语",""
"reader","for target language readers, while the latter designates the type of translation","读者",""
"latter","for target language readers, while the latter designates the type of translation","后者",""
"designate","for target language readers, while the latter designates the type of translation","指明；把……称为",""
"target text","in which a target text ""deliberately breaks target conventions by retaining","译文；目标语文本",""
"deliberately","in which a target text ""deliberately breaks target conventions by retaining","故意地；刻意地",""
"break","in which a target text ""deliberately breaks target conventions by retaining","打破；违反",""
"convention","in which a target text ""deliberately breaks target conventions by retaining","惯例；常规",""
"retain","in which a target text ""deliberately breaks target conventions by retaining","保留；保持",""
"foreignness","something of the foreigness of the original"" (Shuttleworth &Cowie, 1997:59)","异域性；异国特色",""
"original","something of the foreigness of the original"" (Shuttleworth &Cowie, 1997:59)","原文；原作",""
"roots","The roots of the terms can be traced back to the German philosopher Schleiermacher’s","n. 根源；起源（root 的复数）",""
"terms","The roots of the terms can be traced back to the German philosopher Schleiermacher’s","n. 术语；词语（term 的复数）",""
"trace back (to)","The roots of the terms can be traced back to the German philosopher Schleiermacher’s","追溯到；可追溯至",""
"philosopher","The roots of the terms can be traced back to the German philosopher Schleiermacher’s","n. 哲学家",""
"argument","argument that there are only two different methods of translation, "" either","n. 论点；主张；争论",""
"either...or","argument that there are only two different methods of translation, "" either","conj. 要么……要么……；不是……就是……",""
"methods","argument that there are only two different methods of translation, "" either","n. 方法；办法（method 的复数）",""
"translation","argument that there are only two different methods of translation, "" either","n. 翻译；译文",""
"translator","the translator leaves the author in peace, as much as possible, and moves","n. 译者；翻译者",""
"author","the translator leaves the author in peace, as much as possible, and moves","n. 作者；作家",""
"leave sb. in peace","the translator leaves the author in peace, as much as possible, and moves","不打扰某人；让某人安宁",""
"as much as possible","the translator leaves the author in peace, as much as possible, and moves","尽可能；尽量",""
"move...towards","the translator leaves the author in peace, as much as possible, and moves","使……向……靠拢；把……移向",""
"reader","the reader towards him; or he leaves the reader in peace, as much as possible,","n. 读者",""
"term","The terms ""foreignization"" and ""domestication"" may be new to the Chinese,","术语；词语",""
"foreignization","The terms ""foreignization"" and ""domestication"" may be new to the Chinese,","异化（翻译策略，保留原文的外国色彩）",""
"domestication","The terms ""foreignization"" and ""domestication"" may be new to the Chinese,","归化（翻译策略，使译文符合本土语言习惯）",""
"concept","but the concepts they carry have been at least for a century at the heart","概念；观念",""
"carry","but the concepts they carry have been at least for a century at the heart","承载；包含；携带",""
"century","but the concepts they carry have been at least for a century at the heart","世纪；百年",""
"at the heart of","but the concepts they carry have been at least for a century at the heart","处于……的核心；是……的关键所在",""
"translation","of most translation controversies","翻译；译文",""
"controversy","of most translation controversies","争论；争议",""
"once","Lu Xun (鲁迅) once said that ""before","曾经；一度",""
"translator","translating, the translator has to make a decision : either to adapt the","译者；翻译者",""
"make a decision","translating, the translator has to make a decision : either to adapt the","做出决定",""
"adapt","translating, the translator has to make a decision : either to adapt the","改编；使适应；改写",""
"either","translating, the translator has to make a decision : either to adapt the","（两者中）任何一个的；（与or连用）要么……要么……",""
"original","original text or to retain as much as possible the foreign flavour of the","原来的；原文的",""
"retain","original text or to retain as much as possible the foreign flavour of the","保留；保持",""
"as much as possible","original text or to retain as much as possible the foreign flavour of the","尽可能多地；尽量",""
"foreign","original text or to retain as much as possible the foreign flavour of the","外国的；异国的",""
"flavour","original text or to retain as much as possible the foreign flavour of the","风味；特色",""
"translation","But what is the translation practice like in China","翻译",""
"practice","But what is the translation practice like in China","实践；做法",""
"recently","Recently I have read","最近，近来",""
"article","two articles which show completely conflicting views on this question","文章",""
"completely","two articles which show completely conflicting views on this question","完全地",""
"conflicting","two articles which show completely conflicting views on this question","相互冲突的；矛盾的",""
"entitled","In his article entitled ""Chinese and Western Thinking On Translation"",","题为……的；被命名为",""
"generalization","Lefevere makes a generalization based on his comparison of Chinese and","概括；归纳；普遍化结论",""
"comparison","Lefevere makes a generalization based on his comparison of Chinese and","比较；对比",""
"based on","Lefevere makes a generalization based on his comparison of Chinese and","基于；以……为基础",""
"thinking","Western thinking on translation,","思维；思考（方式）",""
"translation","Western thinking on translation,","翻译；译文",""
"translate","When Chinese translates texts produced by Others outside its boundaries,","翻译；把……译成（translates 为第三人称单数形式）",""
"text","When Chinese translates texts produced by Others outside its boundaries,","文本；原文（texts 为复数形式）",""
"produce","When Chinese translates texts produced by Others outside its boundaries,","产生；创作；生产（produced 为过去分词）",""
"others","When Chinese translates texts produced by Others outside its boundaries,","他者（翻译/文化理论中指本文化之外的其他文化群体）",""
"boundary","When Chinese translates texts produced by Others outside its boundaries,","边界；界限（boundaries 为复数形式）",""
"translates","it translates these texts in order to replace them, pure and simple","翻译；转化（translate的第三人称单数）",""
"in order to","it translates these texts in order to replace them, pure and simple","为了；以便",""
"replace","it translates these texts in order to replace them, pure and simple","取代；替换",""
"pure and simple","it translates these texts in order to replace them, pure and simple","纯粹的；不折不扣的（用于强调，意指“仅仅如此，别无其他”）",""
"texts","it translates these texts in order to replace them, pure and simple","文本；原文（text的复数）",""
"translations","translations","译文；翻译作品；翻译（translation的复数）",""
"take the place of","take the place of the original","取代；代替",""
"original","take the place of the original","原作；原件；原来的（adj.）",""
"function as","They function as the original in the culture","充当；起……的作用；发挥……的功能",""
"function","They function as the original in the culture","功能；作用；起作用（v.）",""
"culture","They function as the original in the culture","文化",""
"to the extent","to the extent","达到……的程度；在某种程度上",""
"original","that the original disappear behind the translations","原文；原作（形容词：最初的、原始的）",""
"disappear","that the original disappear behind the translations","消失；不见",""
"translation","that the original disappear behind the translations","译文；翻译",""
"however","However, Fung and Kiu have drawn quite different conclusions from their","然而；不过",""
"draw conclusions","However, Fung and Kiu have drawn quite different conclusions from their","得出结论",""
"quite different","However, Fung and Kiu have drawn quite different conclusions from their","截然不同的；大不相同的",""
"investigation","investigation of metaphor translation between English and Chinese,","调查；研究",""
"metaphor","investigation of metaphor translation between English and Chinese,","隐喻；暗喻",""
"translation","investigation of metaphor translation between English and Chinese,","翻译；译文",""
"comparison","Our comparison of the two sets of data showed that in the case of the English","比较；对比",""
"data","Our comparison of the two sets of data showed that in the case of the English","数据；资料",""
"in the case of","Our comparison of the two sets of data showed that in the case of the English","就……而言；在……情况下",""
"metaphor","metaphor","隐喻；暗喻",""
"image","the image often than not retained, whereas with the Chinese metaphors,","意象；形象",""
"often","the image often than not retained, whereas with the Chinese metaphors,","经常；往往（often than not 为 more often than not 的一部分，意为多半、通常）",""
"retained","the image often than not retained, whereas with the Chinese metaphors,","保留；保持（retain 的过去分词）",""
"whereas","the image often than not retained, whereas with the Chinese metaphors,","然而；反之；鉴于",""
"substitution","substitution is","替换；替代",""
"frequently","frequently used","频繁地；经常地",""
"used","frequently used","使用过的；惯常的",""
"perhaps","] One reason perhaps is that the Chinese audience","或许；大概",""
"reason","] One reason perhaps is that the Chinese audience","原因；理由",""
"audience","] One reason perhaps is that the Chinese audience","观众；读者；听众",""
"familiar with","are more familiar with","对……熟悉",""
"receptive to","and receptive to Western culture than the average English readers is to","乐于接受的；对……易于接受",""
"western culture","and receptive to Western culture than the average English readers is to","西方文化",""
"average","and receptive to Western culture than the average English readers is to","普通的；平均的",""
"chinese","Chinese culture","中国的；中国人的；汉语",""
"culture","Chinese culture","文化；修养",""
"above","The above conflicting views aroused my interest in finding out whether","上述的；上面的",""
"conflicting","The above conflicting views aroused my interest in finding out whether","相互矛盾的；冲突的",""
"views","The above conflicting views aroused my interest in finding out whether","观点；看法（view 的复数）",""
"aroused","The above conflicting views aroused my interest in finding out whether","激起；唤起（arouse 的过去式）",""
"interest","The above conflicting views aroused my interest in finding out whether","兴趣；关注",""
"finding out","The above conflicting views aroused my interest in finding out whether","查明；弄清楚（find out 的动名词形式）",""
"whether","The above conflicting views aroused my interest in finding out whether","是否",""
"tend to","the Chinese tend to domesticate or to foreignize when they translate a","倾向于；往往会",""
"domesticate","the Chinese tend to domesticate or to foreignize when they translate a","归化（翻译术语）；驯化",""
"foreignize","the Chinese tend to domesticate or to foreignize when they translate a","异化（翻译术语）",""
"translate","the Chinese tend to domesticate or to foreignize when they translate a","翻译",""
"foreign","foreign text","外国的；外来的",""
"text","foreign text","文本；课文",""
"follow","In what follows I shall not compare translation by Western","跟随；（what follows 意为）接下来所述的内容、下文",""
"compare","In what follows I shall not compare translation by Western","比较；对比",""
"translation","In what follows I shall not compare translation by Western","翻译；译文",""
"western","In what follows I shall not compare translation by Western","西方的；欧美的",""
"chinese","and Chinese translators, but rather look into the translation of English","中国的；中文",""
"translator","and Chinese translators, but rather look into the translation of English","译者；翻译者",""
"rather","and Chinese translators, but rather look into the translation of English","（与not...but rather连用）更确切地说；而是",""
"look into","and Chinese translators, but rather look into the translation of English","考察；调查研究",""
"english","and Chinese translators, but rather look into the translation of English","英语的；英语",""
"metaphor","metaphors into Chinese","隐喻；暗喻",""
"hidden","The hidden curriculum, an essential but frequently ignored aspect of education, is the key to understanding how students perceive and interact with the environment.","隐蔽的；隐藏的",""
"curriculum","The hidden curriculum, an essential but frequently ignored aspect of education, is the key to understanding how students perceive and interact with the environment.","课程；课程体系",""
"essential","The hidden curriculum, an essential but frequently ignored aspect of education, is the key to understanding how students perceive and interact with the environment.","至关重要的；必不可少的",""
"frequently","The hidden curriculum, an essential but frequently ignored aspect of education, is the key to understanding how students perceive and interact with the environment.","经常地；频繁地",""
"ignore","The hidden curriculum, an essential but frequently ignored aspect of education, is the key to understanding how students perceive and interact with the environment.","忽视；不理会",""
"aspect","The hidden curriculum, an essential but frequently ignored aspect of education, is the key to understanding how students perceive and interact with the environment.","方面",""
"perceive","The hidden curriculum, an essential but frequently ignored aspect of education, is the key to understanding how students perceive and interact with the environment.","感知；察觉；看待",""
"interact","The hidden curriculum, an essential but frequently ignored aspect of education, is the key to understanding how students perceive and interact with the environment.","互动；交流",""
"highlight","This research paper not only describes the hidden curriculum but also highlights its significant ramifications, underlining the critical necessity of addressing these concerns.","强调；使突出",""
"significant","This research paper not only describes the hidden curriculum but also highlights its significant ramifications, underlining the critical necessity of addressing these concerns.","重要的；影响深远的",""
"ramification","This research paper not only describes the hidden curriculum but also highlights its significant ramifications, underlining the critical necessity of addressing these concerns.","衍生影响；后果",""
"underline","This research paper not only describes the hidden curriculum but also highlights its significant ramifications, underlining the critical necessity of addressing these concerns.","强调；突出显示",""
"critical","This research paper not only describes the hidden curriculum but also highlights its significant ramifications, underlining the critical necessity of addressing these concerns.","关键的；至关重要的",""
"necessity","This research paper not only describes the hidden curriculum but also highlights its significant ramifications, underlining the critical necessity of addressing these concerns.","必要性；必需",""
"address","This research paper not only describes the hidden curriculum but also highlights its significant ramifications, underlining the critical necessity of addressing these concerns.","处理；应对（问题）",""
"concern","This research paper not only describes the hidden curriculum but also highlights its significant ramifications, underlining the critical necessity of addressing these concerns.","关切的问题；担忧",""
"explicitly","The hidden curriculum, which refers to learning situations that are not explicitly included in the high school curriculum, substantially impacts students' understanding of gender issues, racism, and other challenging topics.","明确地；直白地",""
"substantially","The hidden curriculum, which refers to learning situations that are not explicitly included in the high school curriculum, substantially impacts students' understanding of gender issues, racism, and other challenging topics.","很大程度上；显著地",""
"impact","The hidden curriculum, which refers to learning situations that are not explicitly included in the high school curriculum, substantially impacts students' understanding of gender issues, racism, and other challenging topics.","影响；冲击",""
"gender","The hidden curriculum, which refers to learning situations that are not explicitly included in the high school curriculum, substantially impacts students' understanding of gender issues, racism, and other challenging topics.","性别",""
"racism","The hidden curriculum, which refers to learning situations that are not explicitly included in the high school curriculum, substantially impacts students' understanding of gender issues, racism, and other challenging topics.","种族主义；种族歧视",""
"challenging","The hidden curriculum, which refers to learning situations that are not explicitly included in the high school curriculum, substantially impacts students' understanding of gender issues, racism, and other challenging topics.","具有挑战性的；棘手的",""
"structured","The high school curriculum, while providing a structured framework, merely scratches the surface of the knowledge students acquire in school.","结构化的；有条理的",""
"framework","The high school curriculum, while providing a structured framework, merely scratches the surface of the knowledge students acquire in school.","框架；体系",""
"merely","The high school curriculum, while providing a structured framework, merely scratches the surface of the knowledge students acquire in school.","仅仅；只不过",""
"scratch the surface","The high school curriculum, while providing a structured framework, merely scratches the surface of the knowledge students acquire in school.","只触及表面；浅尝辄止",""
"acquire","The high school curriculum, while providing a structured framework, merely scratches the surface of the knowledge students acquire in school.","获得；习得",""
"a wealth of","There is a wealth of knowledge, often concealed, that is imparted to students.","大量的；丰富的",""
"conceal","There is a wealth of knowledge, often concealed, that is imparted to students.","隐藏；隐瞒",""
"impart","There is a wealth of knowledge, often concealed, that is imparted to students.","传授；传递（信息）",""
"dynamics","In the article ""Social Education in the Classroom: The Dynamics of the Hidden Curriculum"" by Henry A. Gironde & Anthony N. Penna, they illustrate the intricate functioning of high school curriculum, ""What the students learn from the formally sanctioned content of the curriculum is much less important than what they learn from the ideological assumptions embedded in the school's three message systems: the system of curriculum; the system of classroom pedagogical styles; and the system of evaluation.""(28, Gironde and Penna).","动态；运行机制",""
"illustrate","In the article ""Social Education in the Classroom: The Dynamics of the Hidden Curriculum"" by Henry A. Gironde & Anthony N. Penna, they illustrate the intricate functioning of high school curriculum, ""What the students learn from the formally sanctioned content of the curriculum is much less important than what they learn from the ideological assumptions embedded in the school's three message systems: the system of curriculum; the system of classroom pedagogical styles; and the system of evaluation.""(28, Gironde and Penna).","阐明；举例说明",""
"intricate","In the article ""Social Education in the Classroom: The Dynamics of the Hidden Curriculum"" by Henry A. Gironde & Anthony N. Penna, they illustrate the intricate functioning of high school curriculum, ""What the students learn from the formally sanctioned content of the curriculum is much less important than what they learn from the ideological assumptions embedded in the school's three message systems: the system of curriculum; the system of classroom pedagogical styles; and the system of evaluation.""(28, Gironde and Penna).","错综复杂的",""
"functioning","In the article ""Social Education in the Classroom: The Dynamics of the Hidden Curriculum"" by Henry A. Gironde & Anthony N. Penna, they illustrate the intricate functioning of high school curriculum, ""What the students learn from the formally sanctioned content of the curriculum is much less important than what they learn from the ideological assumptions embedded in the school's three message systems: the system of curriculum; the system of classroom pedagogical styles; and the system of evaluation.""(28, Gironde and Penna).","运作；功能",""
"formally","In the article ""Social Education in the Classroom: The Dynamics of the Hidden Curriculum"" by Henry A. Gironde & Anthony N. Penna, they illustrate the intricate functioning of high school curriculum, ""What the students learn from the formally sanctioned content of the curriculum is much less important than what they learn from the ideological assumptions embedded in the school's three message systems: the system of curriculum; the system of classroom pedagogical styles; and the system of evaluation.""(28, Gironde and Penna).","正式地",""
"sanction","In the article ""Social Education in the Classroom: The Dynamics of the Hidden Curriculum"" by Henry A. Gironde & Anthony N. Penna, they illustrate the intricate functioning of high school curriculum, ""What the students learn from the formally sanctioned content of the curriculum is much less important than what they learn from the ideological assumptions embedded in the school's three message systems: the system of curriculum; the system of classroom pedagogical styles; and the system of evaluation.""(28, Gironde and Penna).","认可；核准",""
"ideological","In the article ""Social Education in the Classroom: The Dynamics of the Hidden Curriculum"" by Henry A. Gironde & Anthony N. Penna, they illustrate the intricate functioning of high school curriculum, ""What the students learn from the formally sanctioned content of the curriculum is much less important than what they learn from the ideological assumptions embedded in the school's three message systems: the system of curriculum; the system of classroom pedagogical styles; and the system of evaluation.""(28, Gironde and Penna).","意识形态的",""
"assumption","In the article ""Social Education in the Classroom: The Dynamics of the Hidden Curriculum"" by Henry A. Gironde & Anthony N. Penna, they illustrate the intricate functioning of high school curriculum, ""What the students learn from the formally sanctioned content of the curriculum is much less important than what they learn from the ideological assumptions embedded in the school's three message systems: the system of curriculum; the system of classroom pedagogical styles; and the system of evaluation.""(28, Gironde and Penna).","假设；假定",""
"embed","In the article ""Social Education in the Classroom: The Dynamics of the Hidden Curriculum"" by Henry A. Gironde & Anthony N. Penna, they illustrate the intricate functioning of high school curriculum, ""What the students learn from the formally sanctioned content of the curriculum is much less important than what they learn from the ideological assumptions embedded in the school's three message systems: the system of curriculum; the system of classroom pedagogical styles; and the system of evaluation.""(28, Gironde and Penna).","使嵌入；使深植",""
"pedagogical","In the article ""Social Education in the Classroom: The Dynamics of the Hidden Curriculum"" by Henry A. Gironde & Anthony N. Penna, they illustrate the intricate functioning of high school curriculum, ""What the students learn from the formally sanctioned content of the curriculum is much less important than what they learn from the ideological assumptions embedded in the school's three message systems: the system of curriculum; the system of classroom pedagogical styles; and the system of evaluation.""(28, Gironde and Penna).","教学法的；教育学的",""
"evaluation","In the article ""Social Education in the Classroom: The Dynamics of the Hidden Curriculum"" by Henry A. Gironde & Anthony N. Penna, they illustrate the intricate functioning of high school curriculum, ""What the students learn from the formally sanctioned content of the curriculum is much less important than what they learn from the ideological assumptions embedded in the school's three message systems: the system of curriculum; the system of classroom pedagogical styles; and the system of evaluation.""(28, Gironde and Penna).","评价；评估",""
"statement","This statement underscores the depth of knowledge embedded in the setting of schools, for example, the complex functioning of the school, the different hierarchies, the structure of the school, and so on.","论述；说法",""
"underscore","This statement underscores the depth of knowledge embedded in the setting of schools, for example, the complex functioning of the school, the different hierarchies, the structure of the school, and so on.","强调；凸显",""
"setting","This statement underscores the depth of knowledge embedded in the setting of schools, for example, the complex functioning of the school, the different hierarchies, the structure of the school, and so on.","环境；背景",""
"hierarchy","This statement underscores the depth of knowledge embedded in the setting of schools, for example, the complex functioning of the school, the different hierarchies, the structure of the school, and so on.","等级制度；层级",""
"present","These are all pieces of information to tell students what high schools they will study in, what the high school rules are, and how their values are presented and fulfilled through their teaching.","呈现；展示（动词）",""
"fulfill","These are all pieces of information to tell students what high schools they will study in, what the high school rules are, and how their values are presented and fulfilled through their teaching.","实现；履行",""
"influence","All this knowledge influences how students behave in school and shapes their recognition of a high school.","影响",""
"behave","All this knowledge influences how students behave in school and shapes their recognition of a high school.","表现；举止",""
"shape","All this knowledge influences how students behave in school and shapes their recognition of a high school.","塑造",""
"recognition","All this knowledge influences how students behave in school and shapes their recognition of a high school.","认知；认识",""
"uncovered","These all are uncovered in a high school curriculum.","未被涵盖的；未揭示的",""
"gradually","The way teachers teach their students, the way schools solve problems, and the relationship between teachers and teachers, principles and teachers, will gradually establish a model for students about what a high school is like in their minds.","逐渐地；逐步地",""
"establish","The way teachers teach their students, the way schools solve problems, and the relationship between teachers and teachers, principles and teachers, will gradually establish a model for students about what a high school is like in their minds.","建立；确立",""
"model","The way teachers teach their students, the way schools solve problems, and the relationship between teachers and teachers, principles and teachers, will gradually establish a model for students about what a high school is like in their minds.","模式；模型",""
"context","On the other hand, even the context of the curriculum is hidden.","背景；语境",""
"represent","It only represents parts of the history or knowledge.","代表；体现",""
"selection","In the same article, Gironde and Penna state, ""The selection, organization, and distribution of social studies knowledge is hidden from the realm of ideology. In addition to its overt and covert messages, the way knowledge is selected and organized represents a priori assumptions by the educator about its value and legitimacy. In the final analysis, these are ideological considerations that structure the students' perception of the world."" (29, Gironde and Penna).","选择；挑选",""
"distribution","In the same article, Gironde and Penna state, ""The selection, organization, and distribution of social studies knowledge is hidden from the realm of ideology. In addition to its overt and covert messages, the way knowledge is selected and organized represents a priori assumptions by the educator about its value and legitimacy. In the final analysis, these are ideological considerations that structure the students' perception of the world."" (29, Gironde and Penna).","分配；分布",""
"realm","In the same article, Gironde and Penna state, ""The selection, organization, and distribution of social studies knowledge is hidden from the realm of ideology. In addition to its overt and covert messages, the way knowledge is selected and organized represents a priori assumptions by the educator about its value and legitimacy. In the final analysis, these are ideological considerations that structure the students' perception of the world."" (29, Gironde and Penna).","领域；范围",""
"ideology","In the same article, Gironde and Penna state, ""The selection, organization, and distribution of social studies knowledge is hidden from the realm of ideology. In addition to its overt and covert messages, the way knowledge is selected and organized represents a priori assumptions by the educator about its value and legitimacy. In the final analysis, these are ideological considerations that structure the students' perception of the world."" (29, Gironde and Penna).","意识形态",""
"overt","In the same article, Gironde and Penna state, ""The selection, organization, and distribution of social studies knowledge is hidden from the realm of ideology. In addition to its overt and covert messages, the way knowledge is selected and organized represents a priori assumptions by the educator about its value and legitimacy. In the final analysis, these are ideological considerations that structure the students' perception of the world."" (29, Gironde and Penna).","公开的；明显的",""
"covert","In the same article, Gironde and Penna state, ""The selection, organization, and distribution of social studies knowledge is hidden from the realm of ideology. In addition to its overt and covert messages, the way knowledge is selected and organized represents a priori assumptions by the educator about its value and legitimacy. In the final analysis, these are ideological considerations that structure the students' perception of the world."" (29, Gironde and Penna).","隐蔽的；暗中的",""
"a priori","In the same article, Gironde and Penna state, ""The selection, organization, and distribution of social studies knowledge is hidden from the realm of ideology. In addition to its overt and covert messages, the way knowledge is selected and organized represents a priori assumptions by the educator about its value and legitimacy. In the final analysis, these are ideological considerations that structure the students' perception of the world."" (29, Gironde and Penna).","先验的；未经经验检验的",""
"legitimacy","In the same article, Gironde and Penna state, ""The selection, organization, and distribution of social studies knowledge is hidden from the realm of ideology. In addition to its overt and covert messages, the way knowledge is selected and organized represents a priori assumptions by the educator about its value and legitimacy. In the final analysis, these are ideological considerations that structure the students' perception of the world."" (29, Gironde and Penna).","合法性；正当性",""
"in the final analysis","In the same article, Gironde and Penna state, ""The selection, organization, and distribution of social studies knowledge is hidden from the realm of ideology. In addition to its overt and covert messages, the way knowledge is selected and organized represents a priori assumptions by the educator about its value and legitimacy. In the final analysis, these are ideological considerations that structure the students' perception of the world."" (29, Gironde and Penna).","归根结底",""
"perception","In the same article, Gironde and Penna state, ""The selection, organization, and distribution of social studies knowledge is hidden from the realm of ideology. In addition to its overt and covert messages, the way knowledge is selected and organized represents a priori assumptions by the educator about its value and legitimacy. In the final analysis, these are ideological considerations that structure the students' perception of the world."" (29, Gironde and Penna).","认知；看法；感知",""
"by design","The content of the high school curriculum is selected and shown to the students by design.","有意地；刻意地",""
"educator","It represents the educators' social values and rules that students should follow.","教育者；教育工作者",""
"standardized","The high school curriculum is selected so that students can meet the requirements of educational policies, such as standardized tests, SAT, and other requirements to graduate or get a higher education, which means the contents educators and policymakers choose are selected initially and organized.","标准化的",""
"policymaker","The high school curriculum is selected so that students can meet the requirements of educational policies, such as standardized tests, SAT, and other requirements to graduate or get a higher education, which means the contents educators and policymakers choose are selected initially and organized.","政策制定者",""
"initially","The high school curriculum is selected so that students can meet the requirements of educational policies, such as standardized tests, SAT, and other requirements to graduate or get a higher education, which means the contents educators and policymakers choose are selected initially and organized.","最初；起初",""
"sensitive","However, the problem behind the hidden curriculum is they avoid talking about sensitive social issues.","敏感的",""
"explore","This section explores how the hidden curriculum can perpetuate or challenge societal norms and stereotypes.","探讨；探究",""
"perpetuate","This section explores how the hidden curriculum can perpetuate or challenge societal norms and stereotypes.","使长久存在；使持续",""
"societal","This section explores how the hidden curriculum can perpetuate or challenge societal norms and stereotypes.","社会的",""
"norm","This section explores how the hidden curriculum can perpetuate or challenge societal norms and stereotypes.","规范；准则",""
"stereotype","This section explores how the hidden curriculum can perpetuate or challenge societal norms and stereotypes.","刻板印象；成见",""
"contribution","In Bertha Erasto Losioki and Hemed Karani Mdee's article ""The Contribution of the Hidden Curriculum to gender inequality in Teaching and Learning Materials: Experiences from Tanzania,"" they depict the real situations in the high school curriculum that ""Textbooks that are produced still portray gender-based stereotypes and few references to women and girls…women and girls are still portrayed as passive, dependent and in traditional roles.""(55, Losioki and Mdee).","贡献",""
"inequality","In Bertha Erasto Losioki and Hemed Karani Mdee's article ""The Contribution of the Hidden Curriculum to gender inequality in Teaching and Learning Materials: Experiences from Tanzania,"" they depict the real situations in the high school curriculum that ""Textbooks that are produced still portray gender-based stereotypes and few references to women and girls…women and girls are still portrayed as passive, dependent and in traditional roles.""(55, Losioki and Mdee).","不平等",""
"depict","In Bertha Erasto Losioki and Hemed Karani Mdee's article ""The Contribution of the Hidden Curriculum to gender inequality in Teaching and Learning Materials: Experiences from Tanzania,"" they depict the real situations in the high school curriculum that ""Textbooks that are produced still portray gender-based stereotypes and few references to women and girls…women and girls are still portrayed as passive, dependent and in traditional roles.""(55, Losioki and Mdee).","描绘；描述",""
"portray","In Bertha Erasto Losioki and Hemed Karani Mdee's article ""The Contribution of the Hidden Curriculum to gender inequality in Teaching and Learning Materials: Experiences from Tanzania,"" they depict the real situations in the high school curriculum that ""Textbooks that are produced still portray gender-based stereotypes and few references to women and girls…women and girls are still portrayed as passive, dependent and in traditional roles.""(55, Losioki and Mdee).","描绘；刻画",""
"reference","In Bertha Erasto Losioki and Hemed Karani Mdee's article ""The Contribution of the Hidden Curriculum to gender inequality in Teaching and Learning Materials: Experiences from Tanzania,"" they depict the real situations in the high school curriculum that ""Textbooks that are produced still portray gender-based stereotypes and few references to women and girls…women and girls are still portrayed as passive, dependent and in traditional roles.""(55, Losioki and Mdee).","提及；参照",""
"passive","In Bertha Erasto Losioki and Hemed Karani Mdee's article ""The Contribution of the Hidden Curriculum to gender inequality in Teaching and Learning Materials: Experiences from Tanzania,"" they depict the real situations in the high school curriculum that ""Textbooks that are produced still portray gender-based stereotypes and few references to women and girls…women and girls are still portrayed as passive, dependent and in traditional roles.""(55, Losioki and Mdee).","被动的；消极的",""
"dependent","In Bertha Erasto Losioki and Hemed Karani Mdee's article ""The Contribution of the Hidden Curriculum to gender inequality in Teaching and Learning Materials: Experiences from Tanzania,"" they depict the real situations in the high school curriculum that ""Textbooks that are produced still portray gender-based stereotypes and few references to women and girls…women and girls are still portrayed as passive, dependent and in traditional roles.""(55, Losioki and Mdee).","依赖的；从属的",""
"character","When discussing history, the curriculum tries to hide or avoid talking about how women acted as essential characters and how much they contributed to historical events.","角色；人物",""
"seldom","When opening our textbooks, women's names are seldom brought up.","很少；难得",""
"bring up","When opening our textbooks, women's names are seldom brought up.","提及；提出",""
"briefly","They might be briefly mentioned in some sentences, but their stories and contributions are hidden in the high school classroom setting.","简要地；短暂地",""
"capable","For example, women are less capable than men in the fields of math, science, and engineering, which is a stereotype that might come from fewer women scientists mentioned in their textbooks.","有能力的",""
"decrease","Therefore, giving more attention to the women who contributed to history can decrease people's stereotypes toward women.","减少；降低",""
"field","It also happens in the field of sports.","领域；界",""
"evolution","In the article ""Title IX and the Evolution of High School Sports,"" Betsey Stevenson states that ""while millions of high school boys played sports, organized high school sports for girls was a relatively obscure activity with fewer than 300,000 girls participating the year that Title IX was passed."" (487, Stevenson).","演变；发展",""
"relatively","In the article ""Title IX and the Evolution of High School Sports,"" Betsey Stevenson states that ""while millions of high school boys played sports, organized high school sports for girls was a relatively obscure activity with fewer than 300,000 girls participating the year that Title IX was passed."" (487, Stevenson).","相对地；比较地",""
"obscure","In the article ""Title IX and the Evolution of High School Sports,"" Betsey Stevenson states that ""while millions of high school boys played sports, organized high school sports for girls was a relatively obscure activity with fewer than 300,000 girls participating the year that Title IX was passed."" (487, Stevenson).","鲜为人知的；不起眼的",""
"academics","The hidden curriculum not only happens in the field of academics but also sports.","学术领域；学业",""
"mounting","In the book Unraveling the Hidden Curriculum by Glickman, Carl D claims that ""Evidence is mounting that there is a relationship among variables of teacher personality (including behavior and attitudes) and student outcomes."" (3, Glickman), and ""A child in long and intimate contact with an adult, would acquire some of those adult characteristics.""(6, Glickman).","不断增多的；累积的",""
"variable","In the book Unraveling the Hidden Curriculum by Glickman, Carl D claims that ""Evidence is mounting that there is a relationship among variables of teacher personality (including behavior and attitudes) and student outcomes."" (3, Glickman), and ""A child in long and intimate contact with an adult, would acquire some of those adult characteristics.""(6, Glickman).","变量；可变因素",""
"personality","In the book Unraveling the Hidden Curriculum by Glickman, Carl D claims that ""Evidence is mounting that there is a relationship among variables of teacher personality (including behavior and attitudes) and student outcomes."" (3, Glickman), and ""A child in long and intimate contact with an adult, would acquire some of those adult characteristics.""(6, Glickman).","人格；个性",""
"intimate","In the book Unraveling the Hidden Curriculum by Glickman, Carl D claims that ""Evidence is mounting that there is a relationship among variables of teacher personality (including behavior and attitudes) and student outcomes."" (3, Glickman), and ""A child in long and intimate contact with an adult, would acquire some of those adult characteristics.""(6, Glickman).","亲密的；密切的",""
"characteristic","In the book Unraveling the Hidden Curriculum by Glickman, Carl D claims that ""Evidence is mounting that there is a relationship among variables of teacher personality (including behavior and attitudes) and student outcomes."" (3, Glickman), and ""A child in long and intimate contact with an adult, would acquire some of those adult characteristics.""(6, Glickman).","特征；特质",""
"outcome","In the book Unraveling the Hidden Curriculum by Glickman, Carl D claims that ""Evidence is mounting that there is a relationship among variables of teacher personality (including behavior and attitudes) and student outcomes."" (3, Glickman), and ""A child in long and intimate contact with an adult, would acquire some of those adult characteristics.""(6, Glickman).","结果；成效",""
"adapt to","It might happen without students' notice, but it changes the students' behaviors to better adapt to the teachers' instructions.","适应",""
"robust","The more robust the relationship between the teachers and students, the more likely the students will imitate the teachers' behaviors.","强有力的；牢固的",""
"imitate","The more robust the relationship between the teachers and students, the more likely the students will imitate the teachers' behaviors.","模仿；效仿",""
"considerably","To summarize, the high school curriculum includes more than the explicit subject taught in classrooms, integrating a hidden curriculum that considerably impacts students' views and conduct.","相当地；显著地",""
"integrate","To summarize, the high school curriculum includes more than the explicit subject taught in classrooms, integrating a hidden curriculum that considerably impacts students' views and conduct.","整合；融合",""
"conduct","To summarize, the high school curriculum includes more than the explicit subject taught in classrooms, integrating a hidden curriculum that considerably impacts students' views and conduct.","行为；表现",""
"approach","Gironde and Penna's findings show how ideological assumptions in curriculum design, teaching approaches, and evaluation procedures shape students' knowledge of societal structures and values.","方法；途径",""
"procedure","Gironde and Penna's findings show how ideological assumptions in curriculum design, teaching approaches, and evaluation procedures shape students' knowledge of societal structures and values.","程序；流程",""
"reinforce","This hidden curriculum also reinforces gender stereotypes, shown by the portrayal of women and girls in textbooks and many other fields, notably history and sports.","强化；加强",""
"portrayal","This hidden curriculum also reinforces gender stereotypes, shown by the portrayal of women and girls in textbooks and many other fields, notably history and sports.","描绘；刻画",""
"notably","This hidden curriculum also reinforces gender stereotypes, shown by the portrayal of women and girls in textbooks and many other fields, notably history and sports.","尤其；显著地",""
"necessitate","Addressing these challenges necessitates a deliberate effort to incorporate diverse perspectives and overcome long-lasting stereotypes.","使成为必要",""
"deliberate","Addressing these challenges necessitates a deliberate effort to incorporate diverse perspectives and overcome long-lasting stereotypes.","有意的；深思熟虑的",""
"incorporate","Addressing these challenges necessitates a deliberate effort to incorporate diverse perspectives and overcome long-lasting stereotypes.","纳入；包含",""
"diverse","Addressing these challenges necessitates a deliberate effort to incorporate diverse perspectives and overcome long-lasting stereotypes.","多样的；多元的",""
"long-lasting","Addressing these challenges necessitates a deliberate effort to incorporate diverse perspectives and overcome long-lasting stereotypes.","长期的；持久的",""
"instructor","Furthermore, the impact of instructors' attitudes and behaviors on students emphasizes the significance of cultivating healthy and inclusive relationships in the educational setting.","教师；指导者",""
"cultivate","Furthermore, the impact of instructors' attitudes and behaviors on students emphasizes the significance of cultivating healthy and inclusive relationships in the educational setting.","培养；培育",""
"inclusive","Furthermore, the impact of instructors' attitudes and behaviors on students emphasizes the significance of cultivating healthy and inclusive relationships in the educational setting.","包容的",""
"mental health","These all impact students' development in terms of their behaviors and academic and mental health.","心理健康",""
"comprehensive","Recognizing and addressing the hidden curriculum helps educators provide a more equal and comprehensive educational experience that prepares students for a diverse and complex world.","全面的；综合的",""
"describe","This research paper not only describes the hidden curriculum but also highlights its significant ramifications, underlining the critical necessity of addressing these concerns.","描述",""
"refer to","The hidden curriculum, which refers to learning situations that are not explicitly included in the high school curriculum, substantially impacts students’ understanding of gender issues, racism, and other challenging topics.","指的是；指代",""
"explicitly","The hidden curriculum, which refers to learning situations that are not explicitly included in the high school curriculum, substantially impacts students’ understanding of gender issues, racism, and other challenging topics.","明确地；清楚地",""
"substantially","The hidden curriculum, which refers to learning situations that are not explicitly included in the high school curriculum, substantially impacts students’ understanding of gender issues, racism, and other challenging topics.","实质性地；大幅地",""
"impact","The hidden curriculum, which refers to learning situations that are not explicitly included in the high school curriculum, substantially impacts students’ understanding of gender issues, racism, and other challenging topics.","影响",""
"gender","The hidden curriculum, which refers to learning situations that are not explicitly included in the high school curriculum, substantially impacts students’ understanding of gender issues, racism, and other challenging topics.","性别",""
"racism","The hidden curriculum, which refers to learning situations that are not explicitly included in the high school curriculum, substantially impacts students’ understanding of gender issues, racism, and other challenging topics.","种族主义；种族歧视",""
"challenging","The hidden curriculum, which refers to learning situations that are not explicitly included in the high school curriculum, substantially impacts students’ understanding of gender issues, racism, and other challenging topics.","具有挑战性的",""
"wealth","There is a wealth of knowledge, often concealed, that is imparted to students.","大量；丰富",""
"dynamics","In the article “Social Education in the Classroom: The Dynamics of the Hidden Curriculum” by Henry A. Gironde & Anthony N. Penna, they illustrate the intricate functioning of high school curriculum, “What the students learn from the formally sanctioned content of the curriculum is much less important than what they learn from the ideological assumptions embedded in the school’s three message systems: the system of curriculum; the system of classroom pedagogical styles; and the system of evaluation.”(28, Gironde and Penna).","动态；运作机制",""
"illustrate","In the article “Social Education in the Classroom: The Dynamics of the Hidden Curriculum” by Henry A. Gironde & Anthony N. Penna, they illustrate the intricate functioning of high school curriculum, “What the students learn from the formally sanctioned content of the curriculum is much less important than what they learn from the ideological assumptions embedded in the school’s three message systems: the system of curriculum; the system of classroom pedagogical styles; and the system of evaluation.”(28, Gironde and Penna).","阐明；说明",""
"intricate","In the article “Social Education in the Classroom: The Dynamics of the Hidden Curriculum” by Henry A. Gironde & Anthony N. Penna, they illustrate the intricate functioning of high school curriculum, “What the students learn from the formally sanctioned content of the curriculum is much less important than what they learn from the ideological assumptions embedded in the school’s three message systems: the system of curriculum; the system of classroom pedagogical styles; and the system of evaluation.”(28, Gironde and Penna).","错综复杂的",""
"functioning","In the article “Social Education in the Classroom: The Dynamics of the Hidden Curriculum” by Henry A. Gironde & Anthony N. Penna, they illustrate the intricate functioning of high school curriculum, “What the students learn from the formally sanctioned content of the curriculum is much less important than what they learn from the ideological assumptions embedded in the school’s three message systems: the system of curriculum; the system of classroom pedagogical styles; and the system of evaluation.”(28, Gironde and Penna).","运作；运转",""
"formally","In the article “Social Education in the Classroom: The Dynamics of the Hidden Curriculum” by Henry A. Gironde & Anthony N. Penna, they illustrate the intricate functioning of high school curriculum, “What the students learn from the formally sanctioned content of the curriculum is much less important than what they learn from the ideological assumptions embedded in the school’s three message systems: the system of curriculum; the system of classroom pedagogical styles; and the system of evaluation.”(28, Gironde and Penna).","正式地",""
"sanction","In the article “Social Education in the Classroom: The Dynamics of the Hidden Curriculum” by Henry A. Gironde & Anthony N. Penna, they illustrate the intricate functioning of high school curriculum, “What the students learn from the formally sanctioned content of the curriculum is much less important than what they learn from the ideological assumptions embedded in the school’s three message systems: the system of curriculum; the system of classroom pedagogical styles; and the system of evaluation.”(28, Gironde and Penna).","认可；批准",""
"ideological","In the article “Social Education in the Classroom: The Dynamics of the Hidden Curriculum” by Henry A. Gironde & Anthony N. Penna, they illustrate the intricate functioning of high school curriculum, “What the students learn from the formally sanctioned content of the curriculum is much less important than what they learn from the ideological assumptions embedded in the school’s three message systems: the system of curriculum; the system of classroom pedagogical styles; and the system of evaluation.”(28, Gironde and Penna).","意识形态的",""
"assumption","In the article “Social Education in the Classroom: The Dynamics of the Hidden Curriculum” by Henry A. Gironde & Anthony N. Penna, they illustrate the intricate functioning of high school curriculum, “What the students learn from the formally sanctioned content of the curriculum is much less important than what they learn from the ideological assumptions embedded in the school’s three message systems: the system of curriculum; the system of classroom pedagogical styles; and the system of evaluation.”(28, Gironde and Penna).","假设；假定",""
"embed","In the article “Social Education in the Classroom: The Dynamics of the Hidden Curriculum” by Henry A. Gironde & Anthony N. Penna, they illustrate the intricate functioning of high school curriculum, “What the students learn from the formally sanctioned content of the curriculum is much less important than what they learn from the ideological assumptions embedded in the school’s three message systems: the system of curriculum; the system of classroom pedagogical styles; and the system of evaluation.”(28, Gironde and Penna).","使嵌入；使融入",""
"pedagogical","In the article “Social Education in the Classroom: The Dynamics of the Hidden Curriculum” by Henry A. Gironde & Anthony N. Penna, they illustrate the intricate functioning of high school curriculum, “What the students learn from the formally sanctioned content of the curriculum is much less important than what they learn from the ideological assumptions embedded in the school’s three message systems: the system of curriculum; the system of classroom pedagogical styles; and the system of evaluation.”(28, Gironde and Penna).","教学法的",""
"evaluation","In the article “Social Education in the Classroom: The Dynamics of the Hidden Curriculum” by Henry A. Gironde & Anthony N. Penna, they illustrate the intricate functioning of high school curriculum, “What the students learn from the formally sanctioned content of the curriculum is much less important than what they learn from the ideological assumptions embedded in the school’s three message systems: the system of curriculum; the system of classroom pedagogical styles; and the system of evaluation.”(28, Gironde and Penna).","评价；评估",""
"complex","This statement underscores the depth of knowledge embedded in the setting of schools, for example, the complex functioning of the school, the different hierarchies, the structure of the school, and so on.","复杂的",""
"structure","This statement underscores the depth of knowledge embedded in the setting of schools, for example, the complex functioning of the school, the different hierarchies, the structure of the school, and so on.","结构",""
"relationship","The way teachers teach their students, the way schools solve problems, and the relationship between teachers and teachers, principles and teachers, will gradually establish a model for students about what a high school is like in their minds.","关系",""
"selection","In the same article, Gironde and Penna state, “The selection, organization, and distribution of social studies knowledge is hidden from the realm of ideology.","选择；挑选",""
"organization","In the same article, Gironde and Penna state, “The selection, organization, and distribution of social studies knowledge is hidden from the realm of ideology.","组织",""
"distribution","In the same article, Gironde and Penna state, “The selection, organization, and distribution of social studies knowledge is hidden from the realm of ideology.","分配；分布",""
"realm","In the same article, Gironde and Penna state, “The selection, organization, and distribution of social studies knowledge is hidden from the realm of ideology.","领域；范围",""
"ideology","In the same article, Gironde and Penna state, “The selection, organization, and distribution of social studies knowledge is hidden from the realm of ideology.","意识形态",""
"overt","In addition to its overt and covert messages, the way knowledge is selected and organized represents a priori assumptions by the educator about its value and legitimacy.","公开的；明显的",""
"covert","In addition to its overt and covert messages, the way knowledge is selected and organized represents a priori assumptions by the educator about its value and legitimacy.","隐蔽的；暗中的",""
"a priori","In addition to its overt and covert messages, the way knowledge is selected and organized represents a priori assumptions by the educator about its value and legitimacy.","先验的；未经检验的",""
"educator","In addition to its overt and covert messages, the way knowledge is selected and organized represents a priori assumptions by the educator about its value and legitimacy.","教育者",""
"legitimacy","In addition to its overt and covert messages, the way knowledge is selected and organized represents a priori assumptions by the educator about its value and legitimacy.","合法性；合理性",""
"in the final analysis","In the final analysis, these are ideological considerations that structure the students’ perception of the world.” (29, Gironde and Penna).","归根结底；最终分析",""
"consideration","In the final analysis, these are ideological considerations that structure the students’ perception of the world.” (29, Gironde and Penna).","考量；考虑因素",""
"perception","In the final analysis, these are ideological considerations that structure the students’ perception of the world.” (29, Gironde and Penna).","认知；感知",""
"content","The content of the high school curriculum is selected and shown to the students by design.","内容",""
"educator","It represents the educators’ social values and rules that students should follow.","教育者",""
"value","It represents the educators’ social values and rules that students should follow.","价值观",""
"requirement","The high school curriculum is selected so that students can meet the requirements of educational policies, such as standardized tests, SAT, and other requirements to graduate or get a higher education, which means the contents educators and policymakers choose are selected initially and organized.","要求",""
"policy","The high school curriculum is selected so that students can meet the requirements of educational policies, such as standardized tests, SAT, and other requirements to graduate or get a higher education, which means the contents educators and policymakers choose are selected initially and organized.","政策",""
"graduate","The high school curriculum is selected so that students can meet the requirements of educational policies, such as standardized tests, SAT, and other requirements to graduate or get a higher education, which means the contents educators and policymakers choose are selected initially and organized.","毕业",""
"higher education","The high school curriculum is selected so that students can meet the requirements of educational policies, such as standardized tests, SAT, and other requirements to graduate or get a higher education, which means the contents educators and policymakers choose are selected initially and organized.","高等教育",""
"avoid","However, the problem behind the hidden curriculum is they avoid talking about sensitive social issues.","避免",""
"issue","However, the problem behind the hidden curriculum is they avoid talking about sensitive social issues.","问题；议题",""
"impact","The hidden curriculum's impact on students' understanding of gender issues is a significant concern.","影响",""
"understanding","The hidden curriculum's impact on students' understanding of gender issues is a significant concern.","理解；认识",""
"significant","The hidden curriculum's impact on students' understanding of gender issues is a significant concern.","重大的；重要的",""
"concern","The hidden curriculum's impact on students' understanding of gender issues is a significant concern.","隐忧；关切",""
"section","This section explores how the hidden curriculum can perpetuate or challenge societal norms and stereotypes.","章节；部分",""
"contribution","In Bertha Erasto Losioki and Hemed Karani Mdee’s article “The Contribution of the Hidden Curriculum to gender inequality in Teaching and Learning Materials: Experiences from Tanzania,” they depict the real situations in the high school curriculum that “Textbooks that are produced still portray gender-based stereotypes and few references to women and girls…women and girls are still portrayed as passive, dependent and in traditional roles.”(55, Losioki and Mdee).","贡献",""
"inequality","In Bertha Erasto Losioki and Hemed Karani Mdee’s article “The Contribution of the Hidden Curriculum to gender inequality in Teaching and Learning Materials: Experiences from Tanzania,” they depict the real situations in the high school curriculum that “Textbooks that are produced still portray gender-based stereotypes and few references to women and girls…women and girls are still portrayed as passive, dependent and in traditional roles.”(55, Losioki and Mdee).","不平等",""
"depict","In Bertha Erasto Losioki and Hemed Karani Mdee’s article “The Contribution of the Hidden Curriculum to gender inequality in Teaching and Learning Materials: Experiences from Tanzania,” they depict the real situations in the high school curriculum that “Textbooks that are produced still portray gender-based stereotypes and few references to women and girls…women and girls are still portrayed as passive, dependent and in traditional roles.”(55, Losioki and Mdee).","描绘；描述",""
"portray","In Bertha Erasto Losioki and Hemed Karani Mdee’s article “The Contribution of the Hidden Curriculum to gender inequality in Teaching and Learning Materials: Experiences from Tanzania,” they depict the real situations in the high school curriculum that “Textbooks that are produced still portray gender-based stereotypes and few references to women and girls…women and girls are still portrayed as passive, dependent and in traditional roles.”(55, Losioki and Mdee).","描绘；刻画",""
"passive","In Bertha Erasto Losioki and Hemed Karani Mdee’s article “The Contribution of the Hidden Curriculum to gender inequality in Teaching and Learning Materials: Experiences from Tanzania,” they depict the real situations in the high school curriculum that “Textbooks that are produced still portray gender-based stereotypes and few references to women and girls…women and girls are still portrayed as passive, dependent and in traditional roles.”(55, Losioki and Mdee).","被动的；消极的",""
"dependent","In Bertha Erasto Losioki and Hemed Karani Mdee’s article “The Contribution of the Hidden Curriculum to gender inequality in Teaching and Learning Materials: Experiences from Tanzania,” they depict the real situations in the high school curriculum that “Textbooks that are produced still portray gender-based stereotypes and few references to women and girls…women and girls are still portrayed as passive, dependent and in traditional roles.”(55, Losioki and Mdee).","依赖的；从属的",""
"traditional","In Bertha Erasto Losioki and Hemed Karani Mdee’s article “The Contribution of the Hidden Curriculum to gender inequality in Teaching and Learning Materials: Experiences from Tanzania,” they depict the real situations in the high school curriculum that “Textbooks that are produced still portray gender-based stereotypes and few references to women and girls…women and girls are still portrayed as passive, dependent and in traditional roles.”(55, Losioki and Mdee).","传统的",""
"statement","The statement basically provides us with an example of why there is a gender issue in the high school curriculum.","论述；陈述",""
"basically","The statement basically provides us with an example of why there is a gender issue in the high school curriculum.","基本上；根本上",""
"essential","When discussing history, the curriculum tries to hide or avoid talking about how women acted as essential characters and how much they contributed to historical events.","重要的；必不可少的",""
"contribute","When discussing history, the curriculum tries to hide or avoid talking about how women acted as essential characters and how much they contributed to historical events.","贡献；做出贡献",""
"historical","When discussing history, the curriculum tries to hide or avoid talking about how women acted as essential characters and how much they contributed to historical events.","历史的",""
"textbook","When opening our textbooks, women’s names are seldom brought up.","教科书",""
"seldom","When opening our textbooks, women’s names are seldom brought up.","很少；不常",""
"bring up","When opening our textbooks, women’s names are seldom brought up.","提及；提出",""
"mention","They might be briefly mentioned in some sentences, but their stories and contributions are hidden in the high school classroom setting.","提及；提到",""
"contribution","They might be briefly mentioned in some sentences, but their stories and contributions are hidden in the high school classroom setting.","贡献",""
"view","Not saying that women in the curriculum will impact students’ view of gender problems.","观点；看法",""
"field","For example, women are less capable than men in the fields of math, science, and engineering, which is a stereotype that might come from fewer women scientists mentioned in their textbooks.","领域",""
"engineering","For example, women are less capable than men in the fields of math, science, and engineering, which is a stereotype that might come from fewer women scientists mentioned in their textbooks.","工程学",""
"stereotype","For example, women are less capable than men in the fields of math, science, and engineering, which is a stereotype that might come from fewer women scientists mentioned in their textbooks.","刻板印象",""
"scientist","For example, women are less capable than men in the fields of math, science, and engineering, which is a stereotype that might come from fewer women scientists mentioned in their textbooks.","科学家",""
"attention","Therefore, giving more attention to the women who contributed to history can decrease people’s stereotypes toward women.","关注；注意",""
"decrease","Therefore, giving more attention to the women who contributed to history can decrease people’s stereotypes toward women.","减少",""
"stereotype","Therefore, giving more attention to the women who contributed to history can decrease people’s stereotypes toward women.","刻板印象",""
"evolution","In the article “Title IX and the Evolution of High School Sports,” Betsey Stevenson states that “while millions of high school boys played sports, organized high school sports for girls was a relatively obscure activity with fewer than 300,000 girls participating the year that Title IX was passed.” (487, Stevenson).","演变；发展",""
"relatively","In the article “Title IX and the Evolution of High School Sports,” Betsey Stevenson states that “while millions of high school boys played sports, organized high school sports for girls was a relatively obscure activity with fewer than 300,000 girls participating the year that Title IX was passed.” (487, Stevenson).","相对地；比较地",""
"obscure","In the article “Title IX and the Evolution of High School Sports,” Betsey Stevenson states that “while millions of high school boys played sports, organized high school sports for girls was a relatively obscure activity with fewer than 300,000 girls participating the year that Title IX was passed.” (487, Stevenson).","鲜为人知的；不著名的",""
"activity","In the article “Title IX and the Evolution of High School Sports,” Betsey Stevenson states that “while millions of high school boys played sports, organized high school sports for girls was a relatively obscure activity with fewer than 300,000 girls participating the year that Title IX was passed.” (487, Stevenson).","活动",""
"participate","In the article “Title IX and the Evolution of High School Sports,” Betsey Stevenson states that “while millions of high school boys played sports, organized high school sports for girls was a relatively obscure activity with fewer than 300,000 girls participating the year that Title IX was passed.” (487, Stevenson).","参与；参加",""
"academic","The hidden curriculum not only happens in the field of academics but also sports.","学术的",""
"female","Females have been considered weaker than males previously.","女性；雌性",""
"male","Females have been considered weaker than males previously.","男性；雄性",""
"previously","Females have been considered weaker than males previously.","以前；先前",""
"consider","Females have been considered weaker than males previously.","认为；视为",""
"stereotype","This is also a stereotype that last for so many years.","刻板印象",""
"athlete","By giving more chances to female athletes, more athletes can show their talents and hard work to prove themselves.","运动员",""
"talent","By giving more chances to female athletes, more athletes can show their talents and hard work to prove themselves.","才能；才华",""
"prove","By giving more chances to female athletes, more athletes can show their talents and hard work to prove themselves.","证明",""
"embed","Teachers’ values are embedded in their way of speaking, thinking, and dealing with things, which can be hidden from students.","使嵌入；使融入",""
"deal with","Teachers’ values are embedded in their way of speaking, thinking, and dealing with things, which can be hidden from students.","处理；应对",""
"relationship","The relationship between students and teachers is critical because teachers’ behaviors, perceptions, and thoughts might significantly impact students.","关系",""
"critical","The relationship between students and teachers is critical because teachers’ behaviors, perceptions, and thoughts might significantly impact students.","至关重要的",""
"behavior","The relationship between students and teachers is critical because teachers’ behaviors, perceptions, and thoughts might significantly impact students.","行为",""
"perception","The relationship between students and teachers is critical because teachers’ behaviors, perceptions, and thoughts might significantly impact students.","认知；感知",""
"significantly","The relationship between students and teachers is critical because teachers’ behaviors, perceptions, and thoughts might significantly impact students.","显著地；重要地",""
"impact","The relationship between students and teachers is critical because teachers’ behaviors, perceptions, and thoughts might significantly impact students.","影响",""
"unravel","In the book Unraveling the Hidden Curriculum by Glickman, Carl D claims that “Evidence is mounting that there is a relationship among variables of teacher personality (including behavior and attitudes) and student outcomes.” (3, Glickman), and ”A child in long and intimate contact with an adult, would acquire some of those adult characteristics.”(6, Glickman).","揭开；揭示",""
"claim","In the book Unraveling the Hidden Curriculum by Glickman, Carl D claims that “Evidence is mounting that there is a relationship among variables of teacher personality (including behavior and attitudes) and student outcomes.” (3, Glickman), and ”A child in long and intimate contact with an adult, would acquire some of those adult characteristics.”(6, Glickman).","声称；断言",""
"evidence","In the book Unraveling the Hidden Curriculum by Glickman, Carl D claims that “Evidence is mounting that there is a relationship among variables of teacher personality (including behavior and attitudes) and student outcomes.” (3, Glickman), and ”A child in long and intimate contact with an adult, would acquire some of those adult characteristics.”(6, Glickman).","证据",""
"mounting","In the book Unraveling the Hidden Curriculum by Glickman, Carl D claims that “Evidence is mounting that there is a relationship among variables of teacher personality (including behavior and attitudes) and student outcomes.” (3, Glickman), and ”A child in long and intimate contact with an adult, would acquire some of those adult characteristics.”(6, Glickman).","不断增加的",""
"variable","In the book Unraveling the Hidden Curriculum by Glickman, Carl D claims that “Evidence is mounting that there is a relationship among variables of teacher personality (including behavior and attitudes) and student outcomes.” (3, Glickman), and ”A child in long and intimate contact with an adult, would acquire some of those adult characteristics.”(6, Glickman).","变量",""
"personality","In the book Unraveling the Hidden Curriculum by Glickman, Carl D claims that “Evidence is mounting that there is a relationship among variables of teacher personality (including behavior and attitudes) and student outcomes.” (3, Glickman), and ”A child in long and intimate contact with an adult, would acquire some of those adult characteristics.”(6, Glickman).","个性；性格",""
"attitude","In the book Unraveling the Hidden Curriculum by Glickman, Carl D claims that “Evidence is mounting that there is a relationship among variables of teacher personality (including behavior and attitudes) and student outcomes.” (3, Glickman), and ”A child in long and intimate contact with an adult, would acquire some of those adult characteristics.”(6, Glickman).","态度",""
"outcome","In the book Unraveling the Hidden Curriculum by Glickman, Carl D claims that “Evidence is mounting that there is a relationship among variables of teacher personality (including behavior and attitudes) and student outcomes.” (3, Glickman), and ”A child in long and intimate contact with an adult, would acquire some of those adult characteristics.”(6, Glickman).","结果；成果",""
"intimate","In the book Unraveling the Hidden Curriculum by Glickman, Carl D claims that “Evidence is mounting that there is a relationship among variables of teacher personality (including behavior and attitudes) and student outcomes.” (3, Glickman), and ”A child in long and intimate contact with an adult, would acquire some of those adult characteristics.”(6, Glickman).","亲密的；密切的",""
"acquire","In the book Unraveling the Hidden Curriculum by Glickman, Carl D claims that “Evidence is mounting that there is a relationship among variables of teacher personality (including behavior and attitudes) and student outcomes.” (3, Glickman), and ”A child in long and intimate contact with an adult, would acquire some of those adult characteristics.”(6, Glickman).","习得；获得",""
"characteristic","In the book Unraveling the Hidden Curriculum by Glickman, Carl D claims that “Evidence is mounting that there is a relationship among variables of teacher personality (including behavior and attitudes) and student outcomes.” (3, Glickman), and ”A child in long and intimate contact with an adult, would acquire some of those adult characteristics.”(6, Glickman).","特征；特点",""
"perfectly","These two statements perfectly describe how teachers’ behaviors and thoughts will impact their students’ behaviors.","完美地；恰当地",""
"describe","These two statements perfectly describe how teachers’ behaviors and thoughts will impact their students’ behaviors.","描述",""
"prefer","Students are more likely to follow the behaviors preferred or encouraged by the teachers.","偏爱；更喜欢",""
"encourage","Students are more likely to follow the behaviors preferred or encouraged by the teachers.","鼓励",""
"notice","It might happen without students’ notice, but it changes the students’ behaviors to better adapt to the teachers’ instructions.","察觉；注意到",""
"adapt to","It might happen without students’ notice, but it changes the students’ behaviors to better adapt to the teachers’ instructions.","适应",""
"instruction","It might happen without students’ notice, but it changes the students’ behaviors to better adapt to the teachers’ instructions.","指导；教导",""
"robust","The more robust the relationship between the teachers and students, the more likely the students will imitate the teachers’ behaviors.","牢固的；强健的",""
"imitate","The more robust the relationship between the teachers and students, the more likely the students will imitate the teachers’ behaviors.","模仿",""
"influence","Teachers’ behaviors can influence students’ development based on the teachers’ personalities.","影响",""
"development","Teachers’ behaviors can influence students’ development based on the teachers’ personalities.","发展；成长",""
"personality","Teachers’ behaviors can influence students’ development based on the teachers’ personalities.","个性；性格",""
"therefore","Therefore, teachers play an essential role in students’ lives.","因此；所以",""
"essential","Therefore, teachers play an essential role in students’ lives.","重要的；必不可少的",""
"play an essential role","Therefore, teachers play an essential role in students’ lives.","扮演重要角色；起重要作用",""
"summarize","To summarize, the high school curriculum includes more than the explicit subject taught in classrooms, integrating a hidden curriculum that considerably impacts students' views and conduct.","总结；概括",""
"explicit","To summarize, the high school curriculum includes more than the explicit subject taught in classrooms, integrating a hidden curriculum that considerably impacts students' views and conduct.","明确的；清晰的",""
"finding","Gironde and Penna's findings show how ideological assumptions in curriculum design, teaching approaches, and evaluation procedures shape students' knowledge of societal structures and values.","研究结果；发现",""
"ideological","Gironde and Penna's findings show how ideological assumptions in curriculum design, teaching approaches, and evaluation procedures shape students' knowledge of societal structures and values.","意识形态的",""
"assumption","Gironde and Penna's findings show how ideological assumptions in curriculum design, teaching approaches, and evaluation procedures shape students' knowledge of societal structures and values.","假设；假定",""
"evaluation","Gironde and Penna's findings show how ideological assumptions in curriculum design, teaching approaches, and evaluation procedures shape students' knowledge of societal structures and values.","评价；评估",""
"societal","Gironde and Penna's findings show how ideological assumptions in curriculum design, teaching approaches, and evaluation procedures shape students' knowledge of societal structures and values.","社会的",""
"structure","Gironde and Penna's findings show how ideological assumptions in curriculum design, teaching approaches, and evaluation procedures shape students' knowledge of societal structures and values.","结构",""
"stereotype","This hidden curriculum also reinforces gender stereotypes, shown by the portrayal of women and girls in textbooks and many other fields, notably history and sports.","刻板印象",""
"address","Addressing these challenges necessitates a deliberate effort to incorporate diverse perspectives and overcome long-lasting stereotypes.","解决；应对",""
"perspective","Addressing these challenges necessitates a deliberate effort to incorporate diverse perspectives and overcome long-lasting stereotypes.","视角；观点",""
"overcome","Addressing these challenges necessitates a deliberate effort to incorporate diverse perspectives and overcome long-lasting stereotypes.","克服",""
"emphasize","Furthermore, the impact of instructors' attitudes and behaviors on students emphasizes the significance of cultivating healthy and inclusive relationships in the educational setting.","强调",""
"significance","Furthermore, the impact of instructors' attitudes and behaviors on students emphasizes the significance of cultivating healthy and inclusive relationships in the educational setting.","重要性；意义",""
"educational setting","Furthermore, the impact of instructors' attitudes and behaviors on students emphasizes the significance of cultivating healthy and inclusive relationships in the educational setting.","教育环境",""
"development","These all impact students’ development in terms of their behaviors and academic and mental health.","发展；成长",""
"academic","These all impact students’ development in terms of their behaviors and academic and mental health.","学业的；学术的",""
"mental health","These all impact students’ development in terms of their behaviors and academic and mental health.","心理健康",""
"recognize","Recognizing and addressing the hidden curriculum helps educators provide a more equal and comprehensive educational experience that prepares students for a diverse and complex world.","认识到；识别",""
"educator","Recognizing and addressing the hidden curriculum helps educators provide a more equal and comprehensive educational experience that prepares students for a diverse and complex world.","教育者",""
"equal","Recognizing and addressing the hidden curriculum helps educators provide a more equal and comprehensive educational experience that prepares students for a diverse and complex world.","平等的",""
"prepare","Recognizing and addressing the hidden curriculum helps educators provide a more equal and comprehensive educational experience that prepares students for a diverse and complex world.","使做好准备",""
"diverse","Recognizing and addressing the hidden curriculum helps educators provide a more equal and comprehensive educational experience that prepares students for a diverse and complex world.","多元的；多样的",""
"complex","Recognizing and addressing the hidden curriculum helps educators provide a more equal and comprehensive educational experience that prepares students for a diverse and complex world.","复杂的",""
"hidden curriculum","The hidden curriculum, an essential but frequently ignored aspect of education, is the key to understanding how students perceive and interact with the environment.","隐性课程（学校中未明文规定却潜移默化影响学生的教育内容）",""
"refer to","The hidden curriculum, which refers to learning situations that are not explicitly included in the high school curriculum, substantially impacts students' understanding of gender issues, racism, and other challenging topics.","指的是；指代",""
"uncover","These all are uncovered in a high school curriculum.","揭示；揭露（文中指未被课程涵盖）",""
"principal","The way teachers teach their students, the way schools solve problems, and the relationship between teachers and teachers, principles and teachers, will gradually establish a model for students about what a high school is like in their minds.","校长（原文 principles 应为 principals）",""
"on the other hand","On the other hand, even the context of the curriculum is hidden.","另一方面",""
"contribute to","When discussing history, the curriculum tries to hide or avoid talking about how women acted as essential characters and how much they contributed to historical events.","为……做贡献；促成",""
"participate","In the article ""Title IX and the Evolution of High School Sports,"" Betsey Stevenson states that ""while millions of high school boys played sports, organized high school sports for girls was a relatively obscure activity with fewer than 300,000 girls participating the year that Title IX was passed."" (487, Stevenson).","参与；参加",""
"critical","The relationship between students and teachers is critical because teachers' behaviors, perceptions, and thoughts might significantly impact students.","至关重要的",""
"mount","In the book Unraveling the Hidden Curriculum by Glickman, Carl D claims that ""Evidence is mounting that there is a relationship among variables of teacher personality (including behavior and attitudes) and student outcomes."" (3, Glickman), and ""A child in long and intimate contact with an adult, would acquire some of those adult characteristics.""(6, Glickman).","增多；加剧（文中指证据越来越多）",""
"attitude","In the book Unraveling the Hidden Curriculum by Glickman, Carl D claims that ""Evidence is mounting that there is a relationship among variables of teacher personality (including behavior and attitudes) and student outcomes."" (3, Glickman), and ""A child in long and intimate contact with an adult, would acquire some of those adult characteristics.""(6, Glickman).","态度",""
"furthermore","Furthermore, the impact of instructors' attitudes and behaviors on students emphasizes the significance of cultivating healthy and inclusive relationships in the educational setting.","此外；而且",""
"setting","Furthermore, the impact of instructors' attitudes and behaviors on students emphasizes the significance of cultivating healthy and inclusive relationships in the educational setting.","环境；背景",""
"in terms of","These all impact students' development in terms of their behaviors and academic and mental health.","在……方面；就……而言",""
"curriculum","The high school curriculum, while providing a structured framework, merely scratches the surface of the knowledge students acquire in school.","课程，全部课程",""
"realm","In the same article, Gironde and Penna state, ""The selection, organization, and distribution of social studies knowledge is hidden from the realm of ideology.""","领域，范围",""
"ideology","In the same article, Gironde and Penna state, ""The selection, organization, and distribution of social studies knowledge is hidden from the realm of ideology.""","意识形态，思想体系",""
"distribution","In the same article, Gironde and Penna state, ""The selection, organization, and distribution of social studies knowledge is hidden from the realm of ideology.""","分配，分布",""
"in the final analysis","In the final analysis, these are ideological considerations that structure the students' perception of the world. (29, Gironde and Penna).","归根结底，总之",""
"perception","In the final analysis, these are ideological considerations that structure the students' perception of the world. (29, Gironde and Penna).","感知，认识，看法",""
"hidden curriculum","However, the problem behind the hidden curriculum is they avoid talking about sensitive social issues.","隐性课程",""
"impact","Not saying that women in the curriculum will impact students' view of gender problems.","影响，冲击",""